id,sequence,trip_id,stop_id,created_at,updated_at
1,0,1,459,2015-04-13 15:01:55 UTC,2015-04-13 15:01:55 UTC
3,1,1,460,2015-04-13 16:43:09 UTC,2015-04-13 16:43:09 UTC
4,2,1,374,2015-04-13 16:44:09 UTC,2015-04-13 16:44:09 UTC
5,3,1,376,2015-04-13 16:44:59 UTC,2015-04-13 16:44:59 UTC
6,4,1,377,2015-04-13 16:45:26 UTC,2015-04-13 16:45:26 UTC
7,5,1,379,2015-04-13 16:46:22 UTC,2015-04-13 16:46:22 UTC
124,0,16,48,2015-04-15 14:24:12 UTC,2015-04-15 14:24:49 UTC
8,0,2,379,2015-04-13 16:46:34 UTC,2015-04-13 16:46:34 UTC
125,1,16,335,2015-04-15 14:28:59 UTC,2015-04-15 14:28:59 UTC
9,1,2,378,2015-04-13 16:46:45 UTC,2015-04-13 16:46:45 UTC
126,2,16,334,2015-04-15 14:29:09 UTC,2015-04-15 14:29:09 UTC
10,2,2,375,2015-04-13 16:47:03 UTC,2015-04-13 16:47:03 UTC
127,3,16,257,2015-04-15 14:29:37 UTC,2015-04-15 14:29:37 UTC
11,3,2,373,2015-04-13 16:47:16 UTC,2015-04-13 16:47:16 UTC
128,4,16,79,2015-04-15 14:29:44 UTC,2015-04-15 14:29:44 UTC
12,4,2,372,2015-04-13 16:47:44 UTC,2015-04-13 16:47:44 UTC
129,5,16,80,2015-04-15 14:29:57 UTC,2015-04-15 14:29:57 UTC
13,5,2,371,2015-04-13 16:47:56 UTC,2015-04-13 16:47:56 UTC
130,6,16,75,2015-04-15 14:30:10 UTC,2015-04-15 14:30:10 UTC
25,0,5,459,2015-04-13 17:15:29 UTC,2015-04-13 17:15:29 UTC
26,1,5,369,2015-04-13 17:15:33 UTC,2015-04-13 17:15:33 UTC
28,2,5,363,2015-04-13 17:19:39 UTC,2015-04-13 17:19:39 UTC
29,3,5,367,2015-04-13 17:19:54 UTC,2015-04-13 17:19:54 UTC
35,0,6,361,2015-04-13 17:21:25 UTC,2015-04-13 17:21:25 UTC
36,1,6,462,2015-04-13 17:21:33 UTC,2015-04-13 17:21:33 UTC
39,2,6,359,2015-04-13 17:25:01 UTC,2015-04-13 17:25:01 UTC
40,3,6,357,2015-04-13 17:25:18 UTC,2015-04-13 17:25:18 UTC
41,4,6,365,2015-04-13 17:25:29 UTC,2015-04-13 17:25:29 UTC
42,5,6,368,2015-04-13 17:25:39 UTC,2015-04-13 17:25:39 UTC
43,6,6,362,2015-04-13 17:26:07 UTC,2015-04-13 17:26:07 UTC
44,7,6,461,2015-04-13 17:26:18 UTC,2015-04-13 17:26:18 UTC
45,8,6,459,2015-04-13 17:26:33 UTC,2015-04-13 17:26:33 UTC
46,0,8,459,2015-04-13 17:28:55 UTC,2015-04-13 17:28:55 UTC
47,1,8,432,2015-04-13 17:30:00 UTC,2015-04-13 17:30:00 UTC
48,2,8,433,2015-04-13 17:30:07 UTC,2015-04-13 17:30:07 UTC
49,3,8,434,2015-04-13 17:30:19 UTC,2015-04-13 17:30:19 UTC
50,4,8,435,2015-04-13 17:30:26 UTC,2015-04-13 17:30:26 UTC
51,5,8,436,2015-04-13 17:30:35 UTC,2015-04-13 17:30:35 UTC
52,6,8,437,2015-04-13 17:30:43 UTC,2015-04-13 17:30:43 UTC
53,7,8,438,2015-04-13 17:30:50 UTC,2015-04-13 17:30:50 UTC
54,8,8,439,2015-04-13 17:30:57 UTC,2015-04-13 17:30:57 UTC
55,9,8,440,2015-04-13 17:31:06 UTC,2015-04-13 17:31:06 UTC
56,10,8,441,2015-04-13 17:31:19 UTC,2015-04-13 17:31:19 UTC
57,11,8,442,2015-04-13 17:32:16 UTC,2015-04-13 17:32:16 UTC
58,12,8,443,2015-04-13 17:32:40 UTC,2015-04-13 17:32:40 UTC
59,13,8,444,2015-04-13 17:32:58 UTC,2015-04-13 17:32:58 UTC
60,14,8,357,2015-04-13 17:33:19 UTC,2015-04-13 17:33:19 UTC
61,15,8,365,2015-04-13 17:33:36 UTC,2015-04-13 17:33:36 UTC
62,16,8,368,2015-04-13 17:33:46 UTC,2015-04-13 17:33:46 UTC
63,17,8,362,2015-04-13 17:33:56 UTC,2015-04-13 17:33:56 UTC
64,18,8,461,2015-04-13 17:34:06 UTC,2015-04-13 17:34:06 UTC
31,7,5,364,2015-04-13 17:20:36 UTC,2015-04-13 17:20:36 UTC
32,8,5,358,2015-04-13 17:20:46 UTC,2015-04-13 17:20:46 UTC
33,9,5,463,2015-04-13 17:20:59 UTC,2015-04-13 17:20:59 UTC
34,10,5,361,2015-04-13 17:21:10 UTC,2015-04-13 17:21:10 UTC
65,4,5,366,2015-04-13 17:40:39 UTC,2015-04-13 17:41:27 UTC
66,0,11,62,2015-04-13 18:11:50 UTC,2015-04-13 18:11:50 UTC
67,0,12,3,2015-04-13 23:03:52 UTC,2015-04-13 23:03:52 UTC
68,1,12,394,2015-04-13 23:05:58 UTC,2015-04-13 23:05:58 UTC
69,2,12,395,2015-04-13 23:06:05 UTC,2015-04-13 23:06:05 UTC
70,3,12,396,2015-04-13 23:06:16 UTC,2015-04-13 23:06:16 UTC
71,4,12,418,2015-04-13 23:07:13 UTC,2015-04-13 23:07:13 UTC
72,5,12,419,2015-04-13 23:07:23 UTC,2015-04-13 23:07:23 UTC
73,6,12,420,2015-04-13 23:07:30 UTC,2015-04-13 23:07:30 UTC
74,7,12,421,2015-04-13 23:07:41 UTC,2015-04-13 23:07:41 UTC
75,8,12,422,2015-04-13 23:07:49 UTC,2015-04-13 23:07:49 UTC
76,9,12,423,2015-04-13 23:07:57 UTC,2015-04-13 23:07:57 UTC
77,10,12,418,2015-04-13 23:08:08 UTC,2015-04-13 23:08:08 UTC
78,11,12,417,2015-04-13 23:08:20 UTC,2015-04-13 23:08:20 UTC
79,12,12,416,2015-04-13 23:08:26 UTC,2015-04-13 23:08:26 UTC
80,13,12,415,2015-04-13 23:08:34 UTC,2015-04-13 23:08:34 UTC
81,14,12,414,2015-04-13 23:08:41 UTC,2015-04-13 23:08:41 UTC
82,15,12,3,2015-04-13 23:09:59 UTC,2015-04-13 23:09:59 UTC
83,0,13,389,2015-04-14 22:55:44 UTC,2015-04-14 22:55:44 UTC
84,1,13,390,2015-04-14 22:55:52 UTC,2015-04-14 22:55:52 UTC
85,2,13,392,2015-04-14 22:56:18 UTC,2015-04-14 22:56:18 UTC
86,3,13,391,2015-04-14 22:56:27 UTC,2015-04-14 22:56:27 UTC
87,4,13,380,2015-04-14 22:56:44 UTC,2015-04-14 22:56:44 UTC
88,5,13,381,2015-04-14 22:56:56 UTC,2015-04-14 22:56:56 UTC
89,6,13,382,2015-04-14 22:57:08 UTC,2015-04-14 22:57:08 UTC
90,7,13,60,2015-04-14 23:00:26 UTC,2015-04-14 23:00:26 UTC
91,8,13,58,2015-04-14 23:00:37 UTC,2015-04-14 23:00:37 UTC
92,9,13,55,2015-04-14 23:00:57 UTC,2015-04-14 23:00:57 UTC
93,10,13,383,2015-04-14 23:01:10 UTC,2015-04-14 23:01:10 UTC
94,11,13,385,2015-04-14 23:01:23 UTC,2015-04-14 23:01:23 UTC
95,12,13,384,2015-04-14 23:01:47 UTC,2015-04-14 23:01:47 UTC
96,13,13,386,2015-04-14 23:02:24 UTC,2015-04-14 23:02:24 UTC
97,14,13,19,2015-04-14 23:02:47 UTC,2015-04-14 23:02:47 UTC
98,15,13,17,2015-04-14 23:02:56 UTC,2015-04-14 23:02:56 UTC
99,16,13,387,2015-04-14 23:03:05 UTC,2015-04-14 23:03:05 UTC
100,17,13,214,2015-04-14 23:03:24 UTC,2015-04-14 23:03:24 UTC
101,18,13,388,2015-04-14 23:03:37 UTC,2015-04-14 23:03:37 UTC
102,19,13,389,2015-04-14 23:03:47 UTC,2015-04-14 23:03:47 UTC
14,8,2,459,2015-04-13 16:48:55 UTC,2015-04-13 16:48:55 UTC
2,6,2,370,2015-04-13 16:39:26 UTC,2015-04-15 02:12:24 UTC
103,0,14,3,2015-04-15 13:46:38 UTC,2015-04-15 13:46:38 UTC
104,1,14,394,2015-04-15 13:50:19 UTC,2015-04-15 13:50:19 UTC
105,2,14,395,2015-04-15 13:50:42 UTC,2015-04-15 13:50:42 UTC
106,3,14,396,2015-04-15 13:50:52 UTC,2015-04-15 13:50:52 UTC
107,4,14,397,2015-04-15 13:51:00 UTC,2015-04-15 13:51:00 UTC
108,5,14,398,2015-04-15 13:51:10 UTC,2015-04-15 13:51:10 UTC
109,6,14,399,2015-04-15 13:51:24 UTC,2015-04-15 13:51:24 UTC
110,7,14,393,2015-04-15 13:51:33 UTC,2015-04-15 13:51:33 UTC
111,8,14,3,2015-04-15 13:52:36 UTC,2015-04-15 13:52:36 UTC
113,0,15,466,2015-04-15 14:08:15 UTC,2015-04-15 14:08:15 UTC
114,1,15,467,2015-04-15 14:08:37 UTC,2015-04-15 14:08:37 UTC
115,2,15,261,2015-04-15 14:09:22 UTC,2015-04-15 14:09:22 UTC
116,3,15,260,2015-04-15 14:09:44 UTC,2015-04-15 14:09:44 UTC
117,4,15,331,2015-04-15 14:09:52 UTC,2015-04-15 14:09:52 UTC
388,23,9,92,2015-04-25 16:04:44 UTC,2015-04-25 16:04:44 UTC
389,24,9,93,2015-04-25 16:04:50 UTC,2015-04-25 16:04:50 UTC
131,7,16,76,2015-04-15 14:30:18 UTC,2015-04-15 14:30:18 UTC
132,8,16,77,2015-04-15 14:30:42 UTC,2015-04-15 14:30:42 UTC
133,9,16,333,2015-04-15 14:30:52 UTC,2015-04-15 14:30:52 UTC
134,10,16,332,2015-04-15 14:30:59 UTC,2015-04-15 14:30:59 UTC
135,11,16,84,2015-04-15 14:31:08 UTC,2015-04-15 14:31:08 UTC
136,12,16,83,2015-04-15 14:31:15 UTC,2015-04-15 14:31:15 UTC
138,14,16,44,2015-04-15 14:31:39 UTC,2015-04-15 14:31:39 UTC
139,15,16,448,2015-04-15 14:31:47 UTC,2015-04-15 14:31:47 UTC
397,0,10,93,2015-04-26 21:14:01 UTC,2015-04-26 21:14:01 UTC
140,16,16,447,2015-04-15 14:31:59 UTC,2015-04-15 14:31:59 UTC
398,1,10,92,2015-04-26 21:14:20 UTC,2015-04-26 21:14:20 UTC
141,17,16,446,2015-04-15 14:32:11 UTC,2015-04-15 14:32:11 UTC
399,2,10,91,2015-04-26 21:15:24 UTC,2015-04-26 21:15:24 UTC
400,3,10,577,2015-04-26 21:15:28 UTC,2015-04-26 21:15:28 UTC
401,4,10,85,2015-04-26 21:15:33 UTC,2015-04-26 21:15:33 UTC
402,5,10,83,2015-04-26 21:15:40 UTC,2015-04-26 21:15:40 UTC
403,6,10,81,2015-04-26 21:15:46 UTC,2015-04-26 21:15:46 UTC
404,7,10,40,2015-04-26 21:19:16 UTC,2015-04-26 21:19:16 UTC
405,8,10,19,2015-04-26 21:19:24 UTC,2015-04-26 21:19:24 UTC
406,9,10,17,2015-04-26 21:19:28 UTC,2015-04-26 21:19:28 UTC
407,10,10,16,2015-04-26 21:19:46 UTC,2015-04-26 21:19:46 UTC
408,11,10,15,2015-04-26 21:19:51 UTC,2015-04-26 21:19:51 UTC
409,12,10,425,2015-04-26 21:19:59 UTC,2015-04-26 21:19:59 UTC
410,13,10,582,2015-04-26 21:29:47 UTC,2015-04-26 21:29:47 UTC
142,18,16,45,2015-04-15 14:32:23 UTC,2015-04-15 14:32:23 UTC
143,19,16,46,2015-04-15 14:32:31 UTC,2015-04-15 14:32:31 UTC
411,14,10,583,2015-04-26 21:29:51 UTC,2015-04-26 21:29:51 UTC
144,20,16,47,2015-04-15 14:32:38 UTC,2015-04-15 14:32:38 UTC
137,27,16,81,2015-04-15 14:31:29 UTC,2015-04-15 14:31:29 UTC
145,21,16,48,2015-04-15 14:32:47 UTC,2015-04-15 14:32:47 UTC
146,5,15,262,2015-04-15 14:46:20 UTC,2015-04-15 14:46:29 UTC
118,6,15,263,2015-04-15 14:11:57 UTC,2015-04-15 14:11:57 UTC
119,7,15,264,2015-04-15 14:12:06 UTC,2015-04-15 14:12:06 UTC
121,8,15,465,2015-04-15 14:12:40 UTC,2015-04-15 14:12:40 UTC
122,9,15,445,2015-04-15 14:12:52 UTC,2015-04-15 14:12:52 UTC
123,10,15,265,2015-04-15 14:13:07 UTC,2015-04-15 14:13:07 UTC
147,0,17,16,2015-04-15 15:10:59 UTC,2015-04-15 15:10:59 UTC
148,1,17,411,2015-04-15 15:11:16 UTC,2015-04-15 15:11:16 UTC
149,2,17,412,2015-04-15 15:11:21 UTC,2015-04-15 15:11:21 UTC
150,3,17,413,2015-04-15 15:11:28 UTC,2015-04-15 15:11:28 UTC
151,4,17,60,2015-04-15 15:11:36 UTC,2015-04-15 15:11:36 UTC
152,5,17,58,2015-04-15 15:11:41 UTC,2015-04-15 15:11:41 UTC
153,6,17,408,2015-04-15 15:11:47 UTC,2015-04-15 15:11:47 UTC
154,7,17,409,2015-04-15 15:11:53 UTC,2015-04-15 15:11:53 UTC
155,8,17,410,2015-04-15 15:11:59 UTC,2015-04-15 15:11:59 UTC
156,9,17,16,2015-04-15 15:12:11 UTC,2015-04-15 15:12:11 UTC
157,0,18,62,2015-04-15 15:37:02 UTC,2015-04-15 15:37:02 UTC
158,0,25,459,2015-04-15 16:27:22 UTC,2015-04-15 16:27:22 UTC
159,1,25,212,2015-04-15 16:55:25 UTC,2015-04-15 16:55:25 UTC
160,2,25,210,2015-04-15 16:55:29 UTC,2015-04-15 16:55:29 UTC
161,3,25,3,2015-04-15 16:56:00 UTC,2015-04-15 16:56:00 UTC
162,4,25,20,2015-04-15 16:56:12 UTC,2015-04-15 16:56:12 UTC
163,5,25,21,2015-04-15 16:56:27 UTC,2015-04-15 16:56:27 UTC
164,6,25,22,2015-04-15 16:56:43 UTC,2015-04-15 16:56:43 UTC
165,7,25,472,2015-04-15 16:56:53 UTC,2015-04-15 16:56:53 UTC
166,8,25,11,2015-04-15 16:57:01 UTC,2015-04-15 16:57:01 UTC
167,9,25,471,2015-04-15 16:57:12 UTC,2015-04-15 16:57:12 UTC
168,10,25,473,2015-04-15 16:57:33 UTC,2015-04-15 16:57:33 UTC
181,0,26,491,2015-04-15 17:03:08 UTC,2015-04-15 17:03:08 UTC
182,1,26,493,2015-04-15 17:03:33 UTC,2015-04-15 17:03:33 UTC
184,2,26,494,2015-04-15 17:04:57 UTC,2015-04-15 17:04:57 UTC
185,3,26,496,2015-04-15 17:05:04 UTC,2015-04-15 17:05:04 UTC
186,4,26,488,2015-04-15 17:05:14 UTC,2015-04-15 17:05:14 UTC
187,5,26,486,2015-04-15 17:05:25 UTC,2015-04-15 17:05:25 UTC
188,6,26,483,2015-04-15 17:05:30 UTC,2015-04-15 17:05:30 UTC
189,7,26,481,2015-04-15 17:05:40 UTC,2015-04-15 17:05:40 UTC
190,8,26,480,2015-04-15 17:05:53 UTC,2015-04-15 17:05:53 UTC
191,9,26,478,2015-04-15 17:06:00 UTC,2015-04-15 17:06:00 UTC
192,10,26,476,2015-04-15 17:06:10 UTC,2015-04-15 17:06:10 UTC
193,11,26,474,2015-04-15 17:06:22 UTC,2015-04-15 17:06:22 UTC
194,12,26,25,2015-04-15 17:06:47 UTC,2015-04-15 17:06:47 UTC
195,13,26,24,2015-04-15 17:07:00 UTC,2015-04-15 17:07:00 UTC
196,14,26,499,2015-04-15 17:08:29 UTC,2015-04-15 17:08:29 UTC
197,15,26,211,2015-04-15 17:08:54 UTC,2015-04-15 17:08:54 UTC
198,16,26,213,2015-04-15 17:09:00 UTC,2015-04-15 17:09:00 UTC
199,17,26,459,2015-04-15 17:09:07 UTC,2015-04-15 17:09:07 UTC
412,15,10,24,2015-04-26 21:29:56 UTC,2015-04-26 21:29:56 UTC
413,16,10,499,2015-04-26 21:30:06 UTC,2015-04-26 21:30:06 UTC
414,17,10,584,2015-04-26 21:30:10 UTC,2015-04-26 21:30:10 UTC
415,18,10,211,2015-04-26 21:30:34 UTC,2015-04-26 21:30:34 UTC
416,19,10,213,2015-04-26 21:31:07 UTC,2015-04-26 21:31:07 UTC
417,20,10,459,2015-04-26 21:31:14 UTC,2015-04-26 21:31:14 UTC
418,1,11,424,2015-04-26 22:38:19 UTC,2015-04-26 22:38:19 UTC
200,11,25,475,2015-04-15 17:14:42 UTC,2015-04-15 17:14:50 UTC
170,12,25,477,2015-04-15 16:58:01 UTC,2015-04-15 16:58:01 UTC
171,13,25,479,2015-04-15 16:58:24 UTC,2015-04-15 16:58:24 UTC
172,14,25,482,2015-04-15 16:58:42 UTC,2015-04-15 16:58:42 UTC
173,15,25,484,2015-04-15 16:59:00 UTC,2015-04-15 16:59:00 UTC
174,16,25,485,2015-04-15 17:01:00 UTC,2015-04-15 17:01:00 UTC
175,17,25,487,2015-04-15 17:01:11 UTC,2015-04-15 17:01:11 UTC
176,18,25,489,2015-04-15 17:01:27 UTC,2015-04-15 17:01:27 UTC
177,19,25,495,2015-04-15 17:01:35 UTC,2015-04-15 17:01:35 UTC
178,20,25,492,2015-04-15 17:01:44 UTC,2015-04-15 17:01:44 UTC
180,21,25,498,2015-04-15 17:03:04 UTC,2015-04-15 17:03:04 UTC
183,22,25,497,2015-04-15 17:03:47 UTC,2015-04-15 17:03:47 UTC
201,0,29,459,2015-04-16 16:28:01 UTC,2015-04-16 16:28:01 UTC
202,1,29,212,2015-04-16 16:28:42 UTC,2015-04-16 16:28:42 UTC
203,2,29,210,2015-04-16 16:28:57 UTC,2015-04-16 16:28:57 UTC
204,3,29,3,2015-04-16 16:29:43 UTC,2015-04-16 16:29:43 UTC
205,4,29,4,2015-04-16 16:29:59 UTC,2015-04-16 16:29:59 UTC
206,5,29,27,2015-04-16 16:30:31 UTC,2015-04-16 16:30:31 UTC
207,6,29,28,2015-04-16 16:30:46 UTC,2015-04-16 16:30:46 UTC
208,7,29,31,2015-04-16 16:31:51 UTC,2015-04-16 16:31:51 UTC
209,8,29,464,2015-04-16 16:32:04 UTC,2015-04-16 16:32:04 UTC
210,9,29,177,2015-04-16 16:32:45 UTC,2015-04-16 16:32:45 UTC
211,10,29,179,2015-04-16 17:51:26 UTC,2015-04-16 17:51:26 UTC
212,11,29,180,2015-04-16 17:51:39 UTC,2015-04-16 17:51:39 UTC
213,12,29,500,2015-04-16 17:51:50 UTC,2015-04-16 17:51:50 UTC
214,13,29,183,2015-04-16 17:57:35 UTC,2015-04-16 17:57:35 UTC
215,14,29,502,2015-04-16 17:57:39 UTC,2015-04-16 17:57:39 UTC
216,15,29,185,2015-04-16 17:57:49 UTC,2015-04-16 17:57:49 UTC
217,16,29,186,2015-04-16 17:57:57 UTC,2015-04-16 17:57:57 UTC
218,17,29,187,2015-04-16 17:58:08 UTC,2015-04-16 17:58:08 UTC
219,18,29,189,2015-04-16 17:58:26 UTC,2015-04-16 17:58:26 UTC
220,19,29,190,2015-04-16 17:58:36 UTC,2015-04-16 17:58:36 UTC
221,20,29,191,2015-04-16 17:58:40 UTC,2015-04-16 17:58:40 UTC
222,21,29,192,2015-04-16 17:58:49 UTC,2015-04-16 17:58:49 UTC
223,22,29,193,2015-04-16 17:59:03 UTC,2015-04-16 17:59:03 UTC
224,23,29,194,2015-04-16 17:59:12 UTC,2015-04-16 17:59:12 UTC
225,24,29,512,2015-04-16 17:59:17 UTC,2015-04-16 17:59:17 UTC
226,25,29,197,2015-04-16 17:59:25 UTC,2015-04-16 17:59:25 UTC
227,26,29,200,2015-04-16 18:00:10 UTC,2015-04-16 18:00:10 UTC
228,27,29,204,2015-04-16 18:00:16 UTC,2015-04-16 18:00:16 UTC
229,28,29,205,2015-04-16 18:00:44 UTC,2015-04-16 18:00:44 UTC
419,2,11,66,2015-04-26 22:38:31 UTC,2015-04-26 22:38:31 UTC
420,3,11,68,2015-04-26 22:41:47 UTC,2015-04-26 22:41:47 UTC
421,4,11,69,2015-04-26 22:41:51 UTC,2015-04-26 22:41:51 UTC
422,5,11,72,2015-04-26 22:41:55 UTC,2015-04-26 22:41:55 UTC
423,6,11,74,2015-04-26 22:42:04 UTC,2015-04-26 22:42:04 UTC
424,7,11,576,2015-04-26 22:42:13 UTC,2015-04-26 22:42:13 UTC
425,8,11,82,2015-04-26 22:42:16 UTC,2015-04-26 22:42:16 UTC
230,0,30,205,2015-04-16 18:45:42 UTC,2015-04-16 18:45:42 UTC
426,9,11,86,2015-04-26 22:44:54 UTC,2015-04-26 22:44:54 UTC
427,10,11,578,2015-04-26 22:44:58 UTC,2015-04-26 22:44:58 UTC
428,11,11,90,2015-04-26 22:45:06 UTC,2015-04-26 22:45:06 UTC
429,12,11,579,2015-04-26 22:45:09 UTC,2015-04-26 22:45:09 UTC
430,13,11,92,2015-04-26 22:45:21 UTC,2015-04-26 22:45:21 UTC
431,14,11,588,2015-04-26 23:48:19 UTC,2015-04-26 23:48:19 UTC
432,15,11,163,2015-04-26 23:48:23 UTC,2015-04-26 23:48:23 UTC
232,1,30,203,2015-04-16 18:46:16 UTC,2015-04-16 18:46:16 UTC
433,16,11,165,2015-04-26 23:48:26 UTC,2015-04-26 23:48:26 UTC
434,17,11,586,2015-04-26 23:48:29 UTC,2015-04-26 23:48:29 UTC
435,18,11,169,2015-04-26 23:48:35 UTC,2015-04-26 23:48:35 UTC
436,19,11,600,2015-04-26 23:48:45 UTC,2015-04-26 23:48:45 UTC
437,20,11,591,2015-04-26 23:48:48 UTC,2015-04-26 23:48:48 UTC
438,21,11,170,2015-04-26 23:48:57 UTC,2015-04-26 23:48:57 UTC
439,22,11,587,2015-04-26 23:49:00 UTC,2015-04-26 23:49:00 UTC
234,2,30,199,2015-04-16 18:46:30 UTC,2015-04-16 18:46:30 UTC
440,23,11,601,2015-04-26 23:49:04 UTC,2015-04-26 23:49:04 UTC
441,0,51,62,2015-04-27 00:07:52 UTC,2015-04-27 00:07:52 UTC
442,1,51,424,2015-04-27 00:07:55 UTC,2015-04-27 00:07:55 UTC
443,2,51,66,2015-04-27 00:08:03 UTC,2015-04-27 00:08:03 UTC
444,3,51,68,2015-04-27 00:08:06 UTC,2015-04-27 00:08:06 UTC
445,4,51,69,2015-04-27 00:08:10 UTC,2015-04-27 00:08:10 UTC
446,5,51,72,2015-04-27 00:08:17 UTC,2015-04-27 00:08:17 UTC
235,3,30,511,2015-04-16 18:52:26 UTC,2015-04-16 18:52:26 UTC
447,6,51,74,2015-04-27 00:08:22 UTC,2015-04-27 00:08:22 UTC
448,7,51,41,2015-04-27 00:08:34 UTC,2015-04-27 00:08:34 UTC
449,8,51,576,2015-04-27 00:08:37 UTC,2015-04-27 00:08:37 UTC
450,9,51,82,2015-04-27 00:08:41 UTC,2015-04-27 00:08:41 UTC
451,10,51,86,2015-04-27 00:08:44 UTC,2015-04-27 00:08:44 UTC
452,11,51,578,2015-04-27 00:08:47 UTC,2015-04-27 00:08:47 UTC
453,12,51,90,2015-04-27 00:08:50 UTC,2015-04-27 00:08:50 UTC
454,13,51,579,2015-04-27 00:08:53 UTC,2015-04-27 00:08:53 UTC
236,4,30,196,2015-04-16 18:52:37 UTC,2015-04-16 18:52:37 UTC
455,14,51,92,2015-04-27 00:08:58 UTC,2015-04-27 00:08:58 UTC
456,15,51,588,2015-04-27 00:09:01 UTC,2015-04-27 00:09:01 UTC
457,16,51,163,2015-04-27 00:09:04 UTC,2015-04-27 00:09:04 UTC
458,17,51,165,2015-04-27 00:09:07 UTC,2015-04-27 00:09:07 UTC
459,18,51,586,2015-04-27 00:09:09 UTC,2015-04-27 00:09:09 UTC
460,19,51,169,2015-04-27 00:09:12 UTC,2015-04-27 00:09:12 UTC
461,20,51,600,2015-04-27 00:09:17 UTC,2015-04-27 00:09:17 UTC
237,5,30,195,2015-04-16 18:52:47 UTC,2015-04-16 18:52:47 UTC
462,21,51,591,2015-04-27 00:09:20 UTC,2015-04-27 00:09:20 UTC
463,22,51,170,2015-04-27 00:09:23 UTC,2015-04-27 00:09:23 UTC
464,23,51,587,2015-04-27 00:09:28 UTC,2015-04-27 00:09:28 UTC
465,24,51,601,2015-04-27 00:09:31 UTC,2015-04-27 00:09:31 UTC
466,25,51,607,2015-04-27 00:09:35 UTC,2015-04-27 00:09:35 UTC
467,26,51,609,2015-04-27 00:09:38 UTC,2015-04-27 00:09:38 UTC
468,27,51,608,2015-04-27 00:09:41 UTC,2015-04-27 00:09:41 UTC
238,6,30,510,2015-04-16 18:52:53 UTC,2015-04-16 18:52:53 UTC
469,28,51,172,2015-04-27 00:09:43 UTC,2015-04-27 00:09:43 UTC
470,29,51,173,2015-04-27 00:09:46 UTC,2015-04-27 00:09:46 UTC
471,30,51,593,2015-04-27 00:09:56 UTC,2015-04-27 00:09:56 UTC
472,31,51,176,2015-04-27 00:09:59 UTC,2015-04-27 00:09:59 UTC
473,32,51,606,2015-04-27 00:10:29 UTC,2015-04-27 00:10:29 UTC
474,33,51,605,2015-04-27 00:10:33 UTC,2015-04-27 00:10:33 UTC
475,34,51,280,2015-04-27 00:10:46 UTC,2015-04-27 00:10:46 UTC
239,7,30,509,2015-04-16 18:53:04 UTC,2015-04-16 18:53:04 UTC
847,37,63,47,2015-04-27 15:11:18 UTC,2015-04-27 15:11:18 UTC
848,38,63,48,2015-04-27 15:11:23 UTC,2015-04-27 15:11:23 UTC
849,39,63,50,2015-04-27 15:11:27 UTC,2015-04-27 15:11:27 UTC
850,40,63,52,2015-04-27 15:11:33 UTC,2015-04-27 15:11:33 UTC
851,41,63,54,2015-04-27 15:11:39 UTC,2015-04-27 15:11:39 UTC
852,42,63,56,2015-04-27 15:11:42 UTC,2015-04-27 15:11:42 UTC
853,43,63,57,2015-04-27 15:11:45 UTC,2015-04-27 15:11:45 UTC
240,8,30,508,2015-04-16 18:53:15 UTC,2015-04-16 18:53:15 UTC
854,44,63,59,2015-04-27 15:11:52 UTC,2015-04-27 15:11:52 UTC
855,45,63,65,2015-04-27 15:11:56 UTC,2015-04-27 15:11:56 UTC
856,46,63,63,2015-04-27 15:12:00 UTC,2015-04-27 15:12:00 UTC
857,47,63,25,2015-04-27 15:12:09 UTC,2015-04-27 15:12:09 UTC
858,48,63,24,2015-04-27 15:12:13 UTC,2015-04-27 15:12:13 UTC
859,49,63,499,2015-04-27 15:12:19 UTC,2015-04-27 15:12:19 UTC
241,9,30,507,2015-04-16 18:53:26 UTC,2015-04-16 18:53:26 UTC
861,50,63,584,2015-04-27 15:13:57 UTC,2015-04-27 15:13:57 UTC
862,51,63,211,2015-04-27 15:14:00 UTC,2015-04-27 15:14:00 UTC
863,52,63,213,2015-04-27 15:14:04 UTC,2015-04-27 15:14:04 UTC
864,53,63,459,2015-04-27 15:14:22 UTC,2015-04-27 15:14:22 UTC
865,0,64,535,2015-04-27 15:16:30 UTC,2015-04-27 15:16:30 UTC
866,1,64,533,2015-04-27 15:16:36 UTC,2015-04-27 15:16:36 UTC
867,2,64,531,2015-04-27 15:21:47 UTC,2015-04-27 15:21:47 UTC
242,10,30,506,2015-04-16 18:53:35 UTC,2015-04-16 18:53:35 UTC
868,3,64,529,2015-04-27 15:21:49 UTC,2015-04-27 15:21:49 UTC
869,4,64,527,2015-04-27 15:21:52 UTC,2015-04-27 15:21:52 UTC
870,5,64,525,2015-04-27 15:21:55 UTC,2015-04-27 15:21:55 UTC
871,6,64,523,2015-04-27 15:21:58 UTC,2015-04-27 15:21:58 UTC
872,7,64,521,2015-04-27 15:22:00 UTC,2015-04-27 15:22:00 UTC
873,8,64,519,2015-04-27 15:22:03 UTC,2015-04-27 15:22:03 UTC
874,9,64,518,2015-04-27 15:22:05 UTC,2015-04-27 15:22:05 UTC
243,11,30,505,2015-04-16 18:53:42 UTC,2015-04-16 18:53:42 UTC
875,10,64,596,2015-04-27 15:22:08 UTC,2015-04-27 15:22:08 UTC
876,11,64,599,2015-04-27 15:22:11 UTC,2015-04-27 15:22:11 UTC
877,12,64,603,2015-04-27 15:22:14 UTC,2015-04-27 15:22:14 UTC
878,13,64,604,2015-04-27 15:27:35 UTC,2015-04-27 15:27:35 UTC
879,14,64,174,2015-04-27 15:30:55 UTC,2015-04-27 15:30:55 UTC
880,15,64,594,2015-04-27 15:30:57 UTC,2015-04-27 15:30:57 UTC
881,16,64,611,2015-04-27 15:31:01 UTC,2015-04-27 15:31:01 UTC
244,12,30,504,2015-04-16 18:53:53 UTC,2015-04-16 18:53:53 UTC
882,17,64,612,2015-04-27 15:31:02 UTC,2015-04-27 15:31:02 UTC
883,18,64,613,2015-04-27 15:31:05 UTC,2015-04-27 15:31:05 UTC
884,19,64,614,2015-04-27 15:31:08 UTC,2015-04-27 15:31:08 UTC
885,20,64,615,2015-04-27 15:31:10 UTC,2015-04-27 15:31:10 UTC
886,21,64,602,2015-04-27 15:31:14 UTC,2015-04-27 15:31:14 UTC
887,22,64,171,2015-04-27 15:31:17 UTC,2015-04-27 15:31:17 UTC
888,23,64,592,2015-04-27 15:31:19 UTC,2015-04-27 15:31:19 UTC
245,13,30,503,2015-04-16 18:53:58 UTC,2015-04-16 18:53:58 UTC
260,0,32,62,2015-04-16 19:14:38 UTC,2015-04-16 19:14:38 UTC
261,0,33,16,2015-04-16 19:22:06 UTC,2015-04-16 19:22:06 UTC
262,1,33,407,2015-04-16 19:23:37 UTC,2015-04-16 19:23:37 UTC
263,2,33,387,2015-04-16 19:23:46 UTC,2015-04-16 19:23:46 UTC
264,3,33,214,2015-04-16 19:23:59 UTC,2015-04-16 19:23:59 UTC
265,4,33,404,2015-04-16 19:24:11 UTC,2015-04-16 19:24:11 UTC
266,5,33,516,2015-04-16 19:29:35 UTC,2015-04-16 19:29:35 UTC
267,6,33,401,2015-04-16 19:29:41 UTC,2015-04-16 19:29:41 UTC
268,7,33,402,2015-04-16 19:29:50 UTC,2015-04-16 19:29:50 UTC
269,8,33,400,2015-04-16 19:30:03 UTC,2015-04-16 19:30:03 UTC
270,9,33,403,2015-04-16 19:30:47 UTC,2015-04-16 19:30:47 UTC
271,10,33,405,2015-04-16 19:30:54 UTC,2015-04-16 19:30:54 UTC
272,11,33,17,2015-04-16 19:31:03 UTC,2015-04-16 19:31:03 UTC
273,12,33,16,2015-04-16 19:31:16 UTC,2015-04-16 19:31:16 UTC
274,0,34,459,2015-04-16 19:38:23 UTC,2015-04-16 19:38:23 UTC
275,1,34,212,2015-04-16 19:49:02 UTC,2015-04-16 19:49:02 UTC
276,2,34,210,2015-04-16 19:49:09 UTC,2015-04-16 19:49:09 UTC
277,3,34,3,2015-04-16 19:49:32 UTC,2015-04-16 19:49:32 UTC
278,4,34,26,2015-04-16 19:49:47 UTC,2015-04-16 19:49:47 UTC
279,5,34,27,2015-04-16 19:49:58 UTC,2015-04-16 19:49:58 UTC
280,6,34,28,2015-04-16 19:50:12 UTC,2015-04-16 19:50:12 UTC
281,7,34,464,2015-04-16 19:50:25 UTC,2015-04-16 19:50:25 UTC
284,8,34,517,2015-04-16 20:39:58 UTC,2015-04-16 20:39:58 UTC
285,9,34,285,2015-04-16 20:40:05 UTC,2015-04-16 20:40:05 UTC
286,10,34,520,2015-04-16 20:40:16 UTC,2015-04-16 20:40:16 UTC
287,11,34,522,2015-04-16 20:40:25 UTC,2015-04-16 20:40:25 UTC
288,12,34,524,2015-04-16 20:40:34 UTC,2015-04-16 20:40:34 UTC
289,13,34,526,2015-04-16 20:40:45 UTC,2015-04-16 20:40:45 UTC
290,14,34,528,2015-04-16 20:40:53 UTC,2015-04-16 20:40:53 UTC
291,15,34,530,2015-04-16 20:41:01 UTC,2015-04-16 20:41:01 UTC
292,16,34,532,2015-04-16 20:41:07 UTC,2015-04-16 20:41:07 UTC
293,17,34,534,2015-04-16 20:41:15 UTC,2015-04-16 20:41:15 UTC
294,18,34,537,2015-04-16 20:41:24 UTC,2015-04-16 20:41:24 UTC
295,19,34,539,2015-04-16 20:41:38 UTC,2015-04-16 20:41:38 UTC
296,20,34,542,2015-04-16 20:41:45 UTC,2015-04-16 20:41:45 UTC
297,21,34,543,2015-04-16 20:41:51 UTC,2015-04-16 20:41:51 UTC
298,22,34,545,2015-04-16 20:41:58 UTC,2015-04-16 20:41:58 UTC
299,23,34,547,2015-04-16 20:42:07 UTC,2015-04-16 20:42:07 UTC
300,24,34,549,2015-04-16 20:42:18 UTC,2015-04-16 20:42:18 UTC
301,25,34,551,2015-04-16 20:42:26 UTC,2015-04-16 20:42:26 UTC
302,26,34,553,2015-04-16 20:42:34 UTC,2015-04-16 20:42:34 UTC
303,27,34,555,2015-04-16 20:42:42 UTC,2015-04-16 20:42:42 UTC
304,28,34,555,2015-04-16 20:42:49 UTC,2015-04-16 20:42:49 UTC
305,29,34,559,2015-04-16 20:42:57 UTC,2015-04-16 20:42:57 UTC
306,0,35,560,2015-04-16 20:43:11 UTC,2015-04-16 20:43:11 UTC
307,1,35,557,2015-04-16 20:43:31 UTC,2015-04-16 20:43:31 UTC
308,2,35,556,2015-04-16 20:43:40 UTC,2015-04-16 20:43:40 UTC
309,3,35,554,2015-04-16 20:43:48 UTC,2015-04-16 20:43:48 UTC
310,4,35,552,2015-04-16 20:43:56 UTC,2015-04-16 20:43:56 UTC
339,0,39,459,2015-04-17 15:06:18 UTC,2015-04-17 15:06:18 UTC
340,1,39,212,2015-04-17 15:06:38 UTC,2015-04-17 15:06:38 UTC
341,2,39,210,2015-04-17 15:06:42 UTC,2015-04-17 15:06:42 UTC
342,3,39,3,2015-04-17 15:07:00 UTC,2015-04-17 15:07:00 UTC
343,4,39,211,2015-04-17 15:07:19 UTC,2015-04-17 15:07:19 UTC
344,5,39,213,2015-04-17 15:07:28 UTC,2015-04-17 15:07:28 UTC
345,6,39,459,2015-04-17 15:07:32 UTC,2015-04-17 15:07:32 UTC
346,0,40,3,2015-04-17 15:18:43 UTC,2015-04-17 15:18:43 UTC
347,1,40,211,2015-04-17 15:18:56 UTC,2015-04-17 15:18:56 UTC
348,2,40,213,2015-04-17 15:19:07 UTC,2015-04-17 15:19:07 UTC
889,24,64,590,2015-04-27 15:31:23 UTC,2015-04-27 15:31:23 UTC
349,3,40,370,2015-04-17 15:19:13 UTC,2015-04-17 15:19:13 UTC
350,4,40,371,2015-04-17 15:19:19 UTC,2015-04-17 15:19:19 UTC
351,5,40,372,2015-04-17 15:19:24 UTC,2015-04-17 15:19:24 UTC
352,6,40,561,2015-04-17 15:45:21 UTC,2015-04-17 15:45:21 UTC
353,7,40,562,2015-04-17 15:45:29 UTC,2015-04-17 15:45:29 UTC
354,8,40,563,2015-04-17 15:45:36 UTC,2015-04-17 15:45:36 UTC
355,9,40,207,2015-04-17 15:45:42 UTC,2015-04-17 15:45:42 UTC
356,10,40,3,2015-04-17 15:45:49 UTC,2015-04-17 15:45:49 UTC
357,21,30,7,2015-04-23 00:12:40 UTC,2015-04-23 00:13:35 UTC
476,35,51,277,2015-04-27 00:19:22 UTC,2015-04-27 00:19:22 UTC
477,36,51,276,2015-04-27 00:19:24 UTC,2015-04-27 00:19:24 UTC
478,37,51,275,2015-04-27 00:19:28 UTC,2015-04-27 00:19:28 UTC
479,38,51,281,2015-04-27 00:19:30 UTC,2015-04-27 00:19:30 UTC
480,39,51,268,2015-04-27 00:19:32 UTC,2015-04-27 00:19:32 UTC
481,40,51,282,2015-04-27 00:19:34 UTC,2015-04-27 00:19:34 UTC
482,41,51,284,2015-04-27 00:19:36 UTC,2015-04-27 00:19:36 UTC
483,42,51,283,2015-04-27 00:19:38 UTC,2015-04-27 00:19:38 UTC
484,43,51,272,2015-04-27 00:19:43 UTC,2015-04-27 00:19:43 UTC
485,44,51,273,2015-04-27 00:19:46 UTC,2015-04-27 00:19:46 UTC
486,45,51,274,2015-04-27 00:19:51 UTC,2015-04-27 00:19:51 UTC
487,46,51,610,2015-04-27 00:19:54 UTC,2015-04-27 00:19:54 UTC
488,47,51,278,2015-04-27 00:19:57 UTC,2015-04-27 00:19:57 UTC
489,48,51,279,2015-04-27 00:20:00 UTC,2015-04-27 00:20:00 UTC
490,24,11,607,2015-04-27 02:56:04 UTC,2015-04-27 02:56:04 UTC
491,25,11,609,2015-04-27 02:56:08 UTC,2015-04-27 02:56:08 UTC
492,26,11,608,2015-04-27 02:56:11 UTC,2015-04-27 02:56:11 UTC
493,27,11,172,2015-04-27 02:56:15 UTC,2015-04-27 02:56:15 UTC
494,28,11,173,2015-04-27 02:56:17 UTC,2015-04-27 02:56:17 UTC
495,29,11,593,2015-04-27 02:56:22 UTC,2015-04-27 02:56:22 UTC
496,30,11,176,2015-04-27 02:56:28 UTC,2015-04-27 02:56:28 UTC
497,31,11,606,2015-04-27 02:56:33 UTC,2015-04-27 02:56:33 UTC
498,32,11,605,2015-04-27 02:56:37 UTC,2015-04-27 02:56:37 UTC
499,33,11,598,2015-04-27 02:56:45 UTC,2015-04-27 02:56:45 UTC
500,34,11,597,2015-04-27 02:56:48 UTC,2015-04-27 02:56:48 UTC
501,35,11,595,2015-04-27 02:56:53 UTC,2015-04-27 02:56:53 UTC
502,36,11,517,2015-04-27 02:56:58 UTC,2015-04-27 02:56:58 UTC
503,37,11,285,2015-04-27 02:57:00 UTC,2015-04-27 02:57:00 UTC
504,38,11,520,2015-04-27 02:57:05 UTC,2015-04-27 02:57:05 UTC
505,39,11,522,2015-04-27 02:57:09 UTC,2015-04-27 02:57:09 UTC
506,40,11,524,2015-04-27 02:57:15 UTC,2015-04-27 02:57:15 UTC
507,41,11,526,2015-04-27 02:57:20 UTC,2015-04-27 02:57:20 UTC
508,42,11,528,2015-04-27 02:57:23 UTC,2015-04-27 02:57:23 UTC
509,43,11,530,2015-04-27 02:57:35 UTC,2015-04-27 02:57:35 UTC
510,44,11,532,2015-04-27 02:57:39 UTC,2015-04-27 02:57:39 UTC
511,45,11,534,2015-04-27 02:57:42 UTC,2015-04-27 02:57:42 UTC
519,0,54,459,2015-04-27 03:12:49 UTC,2015-04-27 03:12:49 UTC
520,0,55,544,2015-04-27 03:12:56 UTC,2015-04-27 03:12:56 UTC
249,38,30,513,2015-04-16 18:55:07 UTC,2015-04-16 18:55:07 UTC
250,39,30,178,2015-04-16 18:55:21 UTC,2015-04-16 18:55:21 UTC
251,40,30,389,2015-04-16 18:55:50 UTC,2015-04-16 18:55:50 UTC
252,41,30,390,2015-04-16 18:56:14 UTC,2015-04-16 18:56:14 UTC
246,35,30,501,2015-04-16 18:54:10 UTC,2015-04-16 18:54:10 UTC
247,36,30,182,2015-04-16 18:54:17 UTC,2015-04-16 18:54:17 UTC
248,37,30,181,2015-04-16 18:54:26 UTC,2015-04-16 18:54:26 UTC
259,32,30,459,2015-04-16 19:00:41 UTC,2015-04-16 19:00:41 UTC
258,30,30,213,2015-04-16 19:00:32 UTC,2015-04-16 19:00:32 UTC
257,28,30,211,2015-04-16 19:00:26 UTC,2015-04-16 19:00:26 UTC
256,26,30,3,2015-04-16 19:00:10 UTC,2015-04-16 19:00:10 UTC
255,24,30,515,2015-04-16 18:59:58 UTC,2015-04-16 18:59:58 UTC
254,22,30,5,2015-04-16 18:59:37 UTC,2015-04-16 18:59:37 UTC
358,5,35,550,2015-04-24 16:06:35 UTC,2015-04-24 16:06:46 UTC
522,0,56,532,2015-04-27 03:17:39 UTC,2015-04-27 03:17:39 UTC
523,1,56,518,2015-04-27 03:17:53 UTC,2015-04-27 03:17:53 UTC
524,2,56,595,2015-04-27 03:18:06 UTC,2015-04-27 03:18:06 UTC
526,0,57,459,2015-04-27 03:18:28 UTC,2015-04-27 03:18:28 UTC
527,1,57,213,2015-04-27 03:19:15 UTC,2015-04-27 03:19:15 UTC
552,0,46,535,2015-04-27 13:39:32 UTC,2015-04-27 13:39:32 UTC
553,1,46,533,2015-04-27 13:39:35 UTC,2015-04-27 13:39:35 UTC
554,2,46,531,2015-04-27 13:39:40 UTC,2015-04-27 13:39:40 UTC
555,3,46,529,2015-04-27 13:39:42 UTC,2015-04-27 13:39:42 UTC
556,4,46,527,2015-04-27 13:39:46 UTC,2015-04-27 13:39:46 UTC
557,5,46,525,2015-04-27 13:39:49 UTC,2015-04-27 13:39:49 UTC
558,6,46,523,2015-04-27 13:39:52 UTC,2015-04-27 13:39:52 UTC
559,7,46,521,2015-04-27 13:39:56 UTC,2015-04-27 13:39:56 UTC
560,8,46,519,2015-04-27 13:39:59 UTC,2015-04-27 13:39:59 UTC
561,9,46,518,2015-04-27 13:40:02 UTC,2015-04-27 13:40:02 UTC
562,10,46,596,2015-04-27 13:40:05 UTC,2015-04-27 13:40:05 UTC
563,11,46,599,2015-04-27 13:40:14 UTC,2015-04-27 13:40:14 UTC
564,12,46,603,2015-04-27 13:40:47 UTC,2015-04-27 13:40:47 UTC
565,13,46,604,2015-04-27 13:40:56 UTC,2015-04-27 13:40:56 UTC
817,14,63,174,2015-04-27 14:58:51 UTC,2015-04-27 14:58:51 UTC
818,14,46,174,2015-04-27 15:01:58 UTC,2015-04-27 15:02:06 UTC
566,15,46,594,2015-04-27 13:41:01 UTC,2015-04-27 13:41:01 UTC
567,16,46,611,2015-04-27 13:41:54 UTC,2015-04-27 13:41:54 UTC
568,17,46,612,2015-04-27 13:42:27 UTC,2015-04-27 13:42:27 UTC
569,18,46,613,2015-04-27 13:43:49 UTC,2015-04-27 13:43:49 UTC
570,19,46,614,2015-04-27 13:43:52 UTC,2015-04-27 13:43:52 UTC
571,20,46,615,2015-04-27 13:43:55 UTC,2015-04-27 13:43:55 UTC
572,21,46,602,2015-04-27 13:43:57 UTC,2015-04-27 13:43:57 UTC
681,30,43,577,2015-04-27 14:06:58 UTC,2015-04-27 14:06:58 UTC
682,31,43,85,2015-04-27 14:07:02 UTC,2015-04-27 14:07:02 UTC
593,0,44,459,2015-04-27 13:56:40 UTC,2015-04-27 13:56:40 UTC
594,1,44,212,2015-04-27 13:56:43 UTC,2015-04-27 13:56:43 UTC
595,2,44,210,2015-04-27 13:56:45 UTC,2015-04-27 13:56:45 UTC
596,3,44,209,2015-04-27 13:57:01 UTC,2015-04-27 13:57:01 UTC
598,4,44,20,2015-04-27 13:57:38 UTC,2015-04-27 13:57:38 UTC
599,5,44,21,2015-04-27 13:57:40 UTC,2015-04-27 13:57:40 UTC
600,6,44,22,2015-04-27 13:57:43 UTC,2015-04-27 13:57:43 UTC
601,7,44,23,2015-04-27 13:57:51 UTC,2015-04-27 13:57:51 UTC
602,8,44,471,2015-04-27 13:57:59 UTC,2015-04-27 13:57:59 UTC
603,9,44,62,2015-04-27 13:58:03 UTC,2015-04-27 13:58:03 UTC
604,10,44,424,2015-04-27 13:58:06 UTC,2015-04-27 13:58:06 UTC
605,11,44,66,2015-04-27 13:58:15 UTC,2015-04-27 13:58:15 UTC
606,12,44,68,2015-04-27 13:58:18 UTC,2015-04-27 13:58:18 UTC
607,13,44,69,2015-04-27 13:58:22 UTC,2015-04-27 13:58:22 UTC
608,14,44,72,2015-04-27 13:58:31 UTC,2015-04-27 13:58:31 UTC
609,15,44,74,2015-04-27 13:58:34 UTC,2015-04-27 13:58:34 UTC
610,16,44,41,2015-04-27 13:58:39 UTC,2015-04-27 13:58:39 UTC
611,17,44,576,2015-04-27 13:58:42 UTC,2015-04-27 13:58:42 UTC
612,18,44,82,2015-04-27 13:58:46 UTC,2015-04-27 13:58:46 UTC
613,19,44,86,2015-04-27 13:58:52 UTC,2015-04-27 13:58:52 UTC
614,20,44,578,2015-04-27 13:59:00 UTC,2015-04-27 13:59:00 UTC
615,21,44,90,2015-04-27 13:59:09 UTC,2015-04-27 13:59:09 UTC
616,22,44,579,2015-04-27 13:59:36 UTC,2015-04-27 13:59:36 UTC
617,23,44,92,2015-04-27 13:59:43 UTC,2015-04-27 13:59:43 UTC
618,24,44,588,2015-04-27 13:59:48 UTC,2015-04-27 13:59:48 UTC
619,25,44,163,2015-04-27 13:59:55 UTC,2015-04-27 13:59:55 UTC
620,26,44,165,2015-04-27 13:59:58 UTC,2015-04-27 13:59:58 UTC
621,27,44,586,2015-04-27 14:00:03 UTC,2015-04-27 14:00:03 UTC
622,28,44,169,2015-04-27 14:00:07 UTC,2015-04-27 14:00:07 UTC
623,29,44,600,2015-04-27 14:00:13 UTC,2015-04-27 14:00:13 UTC
624,30,44,591,2015-04-27 14:00:17 UTC,2015-04-27 14:00:17 UTC
625,31,44,170,2015-04-27 14:00:23 UTC,2015-04-27 14:00:23 UTC
626,32,44,587,2015-04-27 14:00:27 UTC,2015-04-27 14:00:27 UTC
627,33,44,601,2015-04-27 14:00:31 UTC,2015-04-27 14:00:31 UTC
628,34,44,607,2015-04-27 14:00:35 UTC,2015-04-27 14:00:35 UTC
629,35,44,609,2015-04-27 14:00:39 UTC,2015-04-27 14:00:39 UTC
630,36,44,608,2015-04-27 14:00:43 UTC,2015-04-27 14:00:43 UTC
631,37,44,172,2015-04-27 14:00:48 UTC,2015-04-27 14:00:48 UTC
632,38,44,173,2015-04-27 14:00:51 UTC,2015-04-27 14:00:51 UTC
633,39,44,593,2015-04-27 14:00:55 UTC,2015-04-27 14:00:55 UTC
634,40,44,176,2015-04-27 14:01:08 UTC,2015-04-27 14:01:08 UTC
635,41,44,606,2015-04-27 14:01:15 UTC,2015-04-27 14:01:15 UTC
636,42,44,605,2015-04-27 14:01:18 UTC,2015-04-27 14:01:18 UTC
637,43,44,598,2015-04-27 14:01:26 UTC,2015-04-27 14:01:26 UTC
638,44,44,597,2015-04-27 14:01:30 UTC,2015-04-27 14:01:30 UTC
639,45,44,595,2015-04-27 14:01:34 UTC,2015-04-27 14:01:34 UTC
640,46,44,517,2015-04-27 14:01:57 UTC,2015-04-27 14:01:57 UTC
641,47,44,285,2015-04-27 14:02:08 UTC,2015-04-27 14:02:08 UTC
642,48,44,520,2015-04-27 14:02:19 UTC,2015-04-27 14:02:19 UTC
643,49,44,522,2015-04-27 14:02:32 UTC,2015-04-27 14:02:32 UTC
644,50,44,524,2015-04-27 14:02:42 UTC,2015-04-27 14:02:42 UTC
645,51,44,526,2015-04-27 14:02:57 UTC,2015-04-27 14:02:57 UTC
646,52,44,528,2015-04-27 14:03:06 UTC,2015-04-27 14:03:06 UTC
647,53,44,530,2015-04-27 14:03:11 UTC,2015-04-27 14:03:11 UTC
648,54,44,532,2015-04-27 14:03:14 UTC,2015-04-27 14:03:14 UTC
649,55,44,534,2015-04-27 14:03:19 UTC,2015-04-27 14:03:19 UTC
650,0,43,535,2015-04-27 14:03:25 UTC,2015-04-27 14:03:25 UTC
651,1,43,533,2015-04-27 14:03:28 UTC,2015-04-27 14:03:28 UTC
652,2,43,531,2015-04-27 14:03:35 UTC,2015-04-27 14:03:35 UTC
653,3,43,529,2015-04-27 14:03:39 UTC,2015-04-27 14:03:39 UTC
654,4,43,527,2015-04-27 14:03:42 UTC,2015-04-27 14:03:42 UTC
655,5,43,525,2015-04-27 14:03:45 UTC,2015-04-27 14:03:45 UTC
656,6,43,523,2015-04-27 14:03:49 UTC,2015-04-27 14:03:49 UTC
657,7,43,521,2015-04-27 14:03:53 UTC,2015-04-27 14:03:53 UTC
658,8,43,519,2015-04-27 14:03:55 UTC,2015-04-27 14:03:55 UTC
659,9,43,518,2015-04-27 14:03:58 UTC,2015-04-27 14:03:58 UTC
660,10,43,596,2015-04-27 14:04:06 UTC,2015-04-27 14:04:06 UTC
661,11,43,599,2015-04-27 14:04:08 UTC,2015-04-27 14:04:08 UTC
662,12,43,603,2015-04-27 14:04:12 UTC,2015-04-27 14:04:12 UTC
663,13,43,604,2015-04-27 14:04:15 UTC,2015-04-27 14:04:15 UTC
573,22,46,171,2015-04-27 13:44:08 UTC,2015-04-27 13:44:08 UTC
574,23,46,592,2015-04-27 13:44:14 UTC,2015-04-27 13:44:14 UTC
575,24,46,590,2015-04-27 13:44:17 UTC,2015-04-27 13:44:17 UTC
576,25,46,168,2015-04-27 13:44:21 UTC,2015-04-27 13:44:21 UTC
577,26,46,167,2015-04-27 13:44:26 UTC,2015-04-27 13:44:26 UTC
578,27,46,166,2015-04-27 13:44:31 UTC,2015-04-27 13:44:31 UTC
579,28,46,589,2015-04-27 13:44:36 UTC,2015-04-27 13:44:36 UTC
580,29,46,93,2015-04-27 13:44:43 UTC,2015-04-27 13:44:43 UTC
581,30,46,580,2015-04-27 13:44:46 UTC,2015-04-27 13:44:46 UTC
582,31,46,91,2015-04-27 13:44:49 UTC,2015-04-27 13:44:49 UTC
583,32,46,577,2015-04-27 13:44:52 UTC,2015-04-27 13:44:52 UTC
584,33,46,85,2015-04-27 13:44:55 UTC,2015-04-27 13:44:55 UTC
585,34,46,83,2015-04-27 13:44:58 UTC,2015-04-27 13:44:58 UTC
586,35,46,81,2015-04-27 13:45:01 UTC,2015-04-27 13:45:01 UTC
587,36,46,43,2015-04-27 13:46:54 UTC,2015-04-27 13:46:54 UTC
588,37,46,71,2015-04-27 13:47:02 UTC,2015-04-27 13:47:02 UTC
589,38,46,70,2015-04-27 13:47:05 UTC,2015-04-27 13:47:05 UTC
590,39,46,585,2015-04-27 13:47:07 UTC,2015-04-27 13:47:07 UTC
591,40,46,585,2015-04-27 13:47:08 UTC,2015-04-27 13:47:08 UTC
592,41,46,67,2015-04-27 13:47:12 UTC,2015-04-27 13:47:12 UTC
664,15,43,594,2015-04-27 14:04:20 UTC,2015-04-27 14:04:20 UTC
665,16,43,611,2015-04-27 14:04:22 UTC,2015-04-27 14:04:22 UTC
666,17,43,612,2015-04-27 14:04:25 UTC,2015-04-27 14:04:25 UTC
667,18,43,613,2015-04-27 14:04:29 UTC,2015-04-27 14:04:29 UTC
668,19,43,614,2015-04-27 14:04:31 UTC,2015-04-27 14:04:31 UTC
669,20,43,615,2015-04-27 14:04:33 UTC,2015-04-27 14:04:33 UTC
672,21,43,592,2015-04-27 14:06:00 UTC,2015-04-27 14:06:00 UTC
673,22,43,590,2015-04-27 14:06:29 UTC,2015-04-27 14:06:29 UTC
674,23,43,168,2015-04-27 14:06:33 UTC,2015-04-27 14:06:33 UTC
675,24,43,167,2015-04-27 14:06:37 UTC,2015-04-27 14:06:37 UTC
676,25,43,166,2015-04-27 14:06:39 UTC,2015-04-27 14:06:39 UTC
683,32,43,83,2015-04-27 14:07:06 UTC,2015-04-27 14:07:06 UTC
684,33,43,81,2015-04-27 14:07:08 UTC,2015-04-27 14:07:08 UTC
685,34,43,43,2015-04-27 14:07:13 UTC,2015-04-27 14:07:13 UTC
686,35,43,73,2015-04-27 14:07:28 UTC,2015-04-27 14:07:28 UTC
687,36,43,71,2015-04-27 14:07:33 UTC,2015-04-27 14:07:33 UTC
688,37,43,70,2015-04-27 14:07:40 UTC,2015-04-27 14:07:40 UTC
689,38,43,585,2015-04-27 14:07:44 UTC,2015-04-27 14:07:44 UTC
700,6,47,53,2015-04-27 14:18:12 UTC,2015-04-27 14:18:12 UTC
701,7,47,51,2015-04-27 14:18:16 UTC,2015-04-27 14:18:16 UTC
702,8,47,49,2015-04-27 14:18:23 UTC,2015-04-27 14:18:23 UTC
703,9,47,571,2015-04-27 14:18:30 UTC,2015-04-27 14:18:30 UTC
704,10,47,572,2015-04-27 14:18:37 UTC,2015-04-27 14:18:37 UTC
705,11,47,573,2015-04-27 14:18:41 UTC,2015-04-27 14:18:41 UTC
706,12,47,155,2015-04-27 14:18:47 UTC,2015-04-27 14:18:47 UTC
707,13,47,158,2015-04-27 14:20:07 UTC,2015-04-27 14:20:07 UTC
708,14,47,160,2015-04-27 14:20:10 UTC,2015-04-27 14:20:10 UTC
709,15,47,574,2015-04-27 14:20:20 UTC,2015-04-27 14:20:20 UTC
710,16,47,575,2015-04-27 14:21:19 UTC,2015-04-27 14:21:19 UTC
711,17,47,616,2015-04-27 14:30:43 UTC,2015-04-27 14:30:43 UTC
712,18,47,588,2015-04-27 14:30:48 UTC,2015-04-27 14:30:48 UTC
713,19,47,163,2015-04-27 14:30:51 UTC,2015-04-27 14:30:51 UTC
714,20,47,165,2015-04-27 14:30:54 UTC,2015-04-27 14:30:54 UTC
715,21,47,586,2015-04-27 14:30:57 UTC,2015-04-27 14:30:57 UTC
716,22,47,169,2015-04-27 14:31:00 UTC,2015-04-27 14:31:00 UTC
717,23,47,600,2015-04-27 14:31:02 UTC,2015-04-27 14:31:02 UTC
718,24,47,591,2015-04-27 14:31:05 UTC,2015-04-27 14:31:05 UTC
719,25,47,170,2015-04-27 14:31:07 UTC,2015-04-27 14:31:07 UTC
720,26,47,587,2015-04-27 14:31:11 UTC,2015-04-27 14:31:11 UTC
721,27,47,601,2015-04-27 14:31:13 UTC,2015-04-27 14:31:13 UTC
722,28,47,607,2015-04-27 14:31:16 UTC,2015-04-27 14:31:16 UTC
723,29,47,609,2015-04-27 14:31:18 UTC,2015-04-27 14:31:18 UTC
724,30,47,608,2015-04-27 14:31:21 UTC,2015-04-27 14:31:21 UTC
725,31,47,172,2015-04-27 14:31:23 UTC,2015-04-27 14:31:23 UTC
726,32,47,173,2015-04-27 14:31:26 UTC,2015-04-27 14:31:26 UTC
727,33,47,593,2015-04-27 14:31:29 UTC,2015-04-27 14:31:29 UTC
728,34,47,176,2015-04-27 14:31:33 UTC,2015-04-27 14:31:33 UTC
729,35,47,606,2015-04-27 14:31:36 UTC,2015-04-27 14:31:36 UTC
730,36,47,605,2015-04-27 14:31:38 UTC,2015-04-27 14:31:38 UTC
731,37,47,598,2015-04-27 14:31:41 UTC,2015-04-27 14:31:41 UTC
732,38,47,597,2015-04-27 14:31:43 UTC,2015-04-27 14:31:43 UTC
733,39,47,595,2015-04-27 14:31:47 UTC,2015-04-27 14:31:47 UTC
734,40,47,517,2015-04-27 14:31:51 UTC,2015-04-27 14:31:51 UTC
735,41,47,285,2015-04-27 14:31:54 UTC,2015-04-27 14:31:54 UTC
736,42,47,520,2015-04-27 14:31:58 UTC,2015-04-27 14:31:58 UTC
737,43,47,522,2015-04-27 14:32:00 UTC,2015-04-27 14:32:00 UTC
738,44,47,524,2015-04-27 14:32:04 UTC,2015-04-27 14:32:04 UTC
739,45,47,526,2015-04-27 14:32:10 UTC,2015-04-27 14:32:10 UTC
740,46,47,528,2015-04-27 14:32:12 UTC,2015-04-27 14:32:12 UTC
741,47,47,530,2015-04-27 14:32:15 UTC,2015-04-27 14:32:15 UTC
742,48,47,532,2015-04-27 14:32:20 UTC,2015-04-27 14:32:20 UTC
743,49,47,534,2015-04-27 14:32:23 UTC,2015-04-27 14:32:23 UTC
744,0,62,459,2015-04-27 14:36:13 UTC,2015-04-27 14:36:13 UTC
745,1,62,212,2015-04-27 14:36:16 UTC,2015-04-27 14:36:16 UTC
746,2,62,210,2015-04-27 14:36:19 UTC,2015-04-27 14:36:19 UTC
747,3,62,209,2015-04-27 14:47:08 UTC,2015-04-27 14:47:08 UTC
748,4,62,20,2015-04-27 14:47:14 UTC,2015-04-27 14:47:14 UTC
749,5,62,21,2015-04-27 14:47:18 UTC,2015-04-27 14:47:18 UTC
750,6,62,22,2015-04-27 14:47:21 UTC,2015-04-27 14:47:21 UTC
751,7,62,23,2015-04-27 14:49:00 UTC,2015-04-27 14:49:00 UTC
752,8,62,471,2015-04-27 14:49:11 UTC,2015-04-27 14:49:11 UTC
753,9,62,62,2015-04-27 14:49:16 UTC,2015-04-27 14:49:16 UTC
754,10,62,424,2015-04-27 14:49:20 UTC,2015-04-27 14:49:20 UTC
755,11,62,426,2015-04-27 14:49:24 UTC,2015-04-27 14:49:24 UTC
756,12,62,60,2015-04-27 14:49:29 UTC,2015-04-27 14:49:29 UTC
757,13,62,58,2015-04-27 14:49:38 UTC,2015-04-27 14:49:38 UTC
758,14,62,55,2015-04-27 14:49:41 UTC,2015-04-27 14:49:41 UTC
759,15,62,53,2015-04-27 14:52:11 UTC,2015-04-27 14:52:11 UTC
760,16,62,51,2015-04-27 14:52:39 UTC,2015-04-27 14:52:39 UTC
761,17,62,49,2015-04-27 14:52:43 UTC,2015-04-27 14:52:43 UTC
762,18,62,571,2015-04-27 14:52:47 UTC,2015-04-27 14:52:47 UTC
763,19,62,572,2015-04-27 14:52:58 UTC,2015-04-27 14:52:58 UTC
764,20,62,573,2015-04-27 14:53:01 UTC,2015-04-27 14:53:01 UTC
765,21,62,155,2015-04-27 14:53:05 UTC,2015-04-27 14:53:05 UTC
766,22,62,158,2015-04-27 14:53:07 UTC,2015-04-27 14:53:07 UTC
767,23,62,160,2015-04-27 14:53:12 UTC,2015-04-27 14:53:12 UTC
768,24,62,574,2015-04-27 14:53:14 UTC,2015-04-27 14:53:14 UTC
769,25,62,575,2015-04-27 14:53:18 UTC,2015-04-27 14:53:18 UTC
770,26,62,616,2015-04-27 14:53:20 UTC,2015-04-27 14:53:20 UTC
771,27,62,588,2015-04-27 14:53:24 UTC,2015-04-27 14:53:24 UTC
772,28,62,163,2015-04-27 14:53:27 UTC,2015-04-27 14:53:27 UTC
773,29,62,165,2015-04-27 14:53:34 UTC,2015-04-27 14:53:34 UTC
774,30,62,586,2015-04-27 14:53:38 UTC,2015-04-27 14:53:38 UTC
775,31,62,169,2015-04-27 14:53:42 UTC,2015-04-27 14:53:42 UTC
776,32,62,600,2015-04-27 14:53:46 UTC,2015-04-27 14:53:46 UTC
777,33,62,591,2015-04-27 14:53:53 UTC,2015-04-27 14:53:53 UTC
778,34,62,170,2015-04-27 14:53:57 UTC,2015-04-27 14:53:57 UTC
779,35,62,587,2015-04-27 14:54:02 UTC,2015-04-27 14:54:02 UTC
780,36,62,601,2015-04-27 14:54:05 UTC,2015-04-27 14:54:05 UTC
781,37,62,607,2015-04-27 14:54:09 UTC,2015-04-27 14:54:09 UTC
782,38,62,609,2015-04-27 14:54:11 UTC,2015-04-27 14:54:11 UTC
783,39,62,608,2015-04-27 14:54:15 UTC,2015-04-27 14:54:15 UTC
784,40,62,172,2015-04-27 14:54:17 UTC,2015-04-27 14:54:17 UTC
785,41,62,173,2015-04-27 14:54:20 UTC,2015-04-27 14:54:20 UTC
786,42,62,593,2015-04-27 14:54:22 UTC,2015-04-27 14:54:22 UTC
787,43,62,176,2015-04-27 14:54:55 UTC,2015-04-27 14:54:55 UTC
788,44,62,606,2015-04-27 14:55:03 UTC,2015-04-27 14:55:03 UTC
789,45,62,605,2015-04-27 14:55:05 UTC,2015-04-27 14:55:05 UTC
790,46,62,598,2015-04-27 14:55:09 UTC,2015-04-27 14:55:09 UTC
791,47,62,597,2015-04-27 14:55:13 UTC,2015-04-27 14:55:13 UTC
792,48,62,595,2015-04-27 14:55:16 UTC,2015-04-27 14:55:16 UTC
793,49,62,517,2015-04-27 14:55:19 UTC,2015-04-27 14:55:19 UTC
794,50,62,285,2015-04-27 14:55:22 UTC,2015-04-27 14:55:22 UTC
795,51,62,520,2015-04-27 14:55:26 UTC,2015-04-27 14:55:26 UTC
796,52,62,522,2015-04-27 14:55:30 UTC,2015-04-27 14:55:30 UTC
797,53,62,524,2015-04-27 14:55:32 UTC,2015-04-27 14:55:32 UTC
798,54,62,526,2015-04-27 14:55:36 UTC,2015-04-27 14:55:36 UTC
799,55,62,528,2015-04-27 14:55:42 UTC,2015-04-27 14:55:42 UTC
800,56,62,530,2015-04-27 14:55:45 UTC,2015-04-27 14:55:45 UTC
801,57,62,532,2015-04-27 14:55:48 UTC,2015-04-27 14:55:48 UTC
802,58,62,534,2015-04-27 14:55:52 UTC,2015-04-27 14:55:52 UTC
803,0,63,535,2015-04-27 14:55:57 UTC,2015-04-27 14:55:57 UTC
804,1,63,533,2015-04-27 14:56:00 UTC,2015-04-27 14:56:00 UTC
805,2,63,531,2015-04-27 14:56:05 UTC,2015-04-27 14:56:05 UTC
806,3,63,529,2015-04-27 14:56:07 UTC,2015-04-27 14:56:07 UTC
807,4,63,527,2015-04-27 14:56:13 UTC,2015-04-27 14:56:13 UTC
808,5,63,525,2015-04-27 14:56:18 UTC,2015-04-27 14:56:18 UTC
809,6,63,523,2015-04-27 14:56:23 UTC,2015-04-27 14:56:23 UTC
810,7,63,521,2015-04-27 14:56:29 UTC,2015-04-27 14:56:29 UTC
811,8,63,519,2015-04-27 14:56:31 UTC,2015-04-27 14:56:31 UTC
812,9,63,518,2015-04-27 14:56:36 UTC,2015-04-27 14:56:36 UTC
813,10,63,596,2015-04-27 14:56:40 UTC,2015-04-27 14:56:40 UTC
814,11,63,599,2015-04-27 14:56:43 UTC,2015-04-27 14:56:43 UTC
815,12,63,603,2015-04-27 14:56:47 UTC,2015-04-27 14:56:47 UTC
816,13,63,604,2015-04-27 14:56:51 UTC,2015-04-27 14:56:51 UTC
820,14,43,174,2015-04-27 15:06:55 UTC,2015-04-27 15:07:01 UTC
690,39,43,67,2015-04-27 14:07:53 UTC,2015-04-27 14:07:53 UTC
691,40,43,65,2015-04-27 14:08:00 UTC,2015-04-27 14:08:00 UTC
692,41,43,63,2015-04-27 14:08:04 UTC,2015-04-27 14:08:04 UTC
693,42,43,25,2015-04-27 14:08:24 UTC,2015-04-27 14:08:24 UTC
694,43,43,24,2015-04-27 14:08:31 UTC,2015-04-27 14:08:31 UTC
695,44,43,499,2015-04-27 14:09:23 UTC,2015-04-27 14:09:23 UTC
696,45,43,584,2015-04-27 14:12:06 UTC,2015-04-27 14:12:06 UTC
677,26,43,589,2015-04-27 14:06:44 UTC,2015-04-27 14:06:44 UTC
335,52,35,3,2015-04-16 20:48:36 UTC,2015-04-16 20:48:36 UTC
334,50,35,515,2015-04-16 20:48:21 UTC,2015-04-16 20:48:21 UTC
333,48,35,5,2015-04-16 20:48:14 UTC,2015-04-16 20:48:14 UTC
332,46,35,7,2015-04-16 20:47:49 UTC,2015-04-16 20:47:49 UTC
331,44,35,390,2015-04-16 20:47:10 UTC,2015-04-16 20:47:10 UTC
330,42,35,389,2015-04-16 20:46:58 UTC,2015-04-16 20:46:58 UTC
329,40,35,518,2015-04-16 20:46:32 UTC,2015-04-16 20:46:32 UTC
328,38,35,519,2015-04-16 20:46:10 UTC,2015-04-16 20:46:10 UTC
338,58,35,459,2015-04-16 20:48:54 UTC,2015-04-16 20:48:54 UTC
327,36,35,521,2015-04-16 20:45:59 UTC,2015-04-16 20:45:59 UTC
326,34,35,523,2015-04-16 20:45:53 UTC,2015-04-16 20:45:53 UTC
325,32,35,525,2015-04-16 20:45:47 UTC,2015-04-16 20:45:47 UTC
324,30,35,527,2015-04-16 20:45:40 UTC,2015-04-16 20:45:40 UTC
323,28,35,529,2015-04-16 20:45:34 UTC,2015-04-16 20:45:34 UTC
322,26,35,531,2015-04-16 20:45:26 UTC,2015-04-16 20:45:26 UTC
321,24,35,533,2015-04-16 20:45:18 UTC,2015-04-16 20:45:18 UTC
320,22,35,535,2015-04-16 20:45:12 UTC,2015-04-16 20:45:12 UTC
319,20,35,536,2015-04-16 20:45:05 UTC,2015-04-16 20:45:05 UTC
337,56,35,213,2015-04-16 20:48:52 UTC,2015-04-16 20:48:52 UTC
336,54,35,211,2015-04-16 20:48:44 UTC,2015-04-16 20:48:44 UTC
318,18,35,538,2015-04-16 20:44:58 UTC,2015-04-16 20:44:58 UTC
317,16,35,540,2015-04-16 20:44:49 UTC,2015-04-16 20:44:49 UTC
316,14,35,541,2015-04-16 20:44:41 UTC,2015-04-16 20:44:41 UTC
315,12,35,541,2015-04-16 20:44:40 UTC,2015-04-16 20:44:40 UTC
314,10,35,544,2015-04-16 20:44:32 UTC,2015-04-16 20:44:32 UTC
313,8,35,546,2015-04-16 20:44:26 UTC,2015-04-16 20:44:26 UTC
312,6,35,548,2015-04-16 20:44:18 UTC,2015-04-16 20:44:18 UTC
359,0,9,459,2015-04-24 19:02:27 UTC,2015-04-24 19:02:27 UTC
360,1,9,212,2015-04-24 19:02:33 UTC,2015-04-24 19:02:33 UTC
361,2,9,210,2015-04-24 19:02:36 UTC,2015-04-24 19:02:36 UTC
362,3,9,3,2015-04-24 19:02:40 UTC,2015-04-24 19:02:40 UTC
363,4,9,569,2015-04-24 19:27:03 UTC,2015-04-24 19:27:03 UTC
364,5,9,1,2015-04-24 19:27:08 UTC,2015-04-24 19:27:08 UTC
365,6,9,10,2015-04-24 19:27:13 UTC,2015-04-24 19:27:13 UTC
366,7,9,11,2015-04-24 19:27:17 UTC,2015-04-24 19:27:17 UTC
367,8,9,12,2015-04-24 19:27:23 UTC,2015-04-24 19:27:23 UTC
368,9,9,13,2015-04-24 19:27:25 UTC,2015-04-24 19:27:25 UTC
369,10,9,216,2015-04-24 19:27:32 UTC,2015-04-24 19:27:32 UTC
370,11,9,217,2015-04-24 19:27:35 UTC,2015-04-24 19:27:35 UTC
371,12,9,215,2015-04-24 19:27:39 UTC,2015-04-24 19:27:39 UTC
372,13,9,405,2015-04-24 19:27:49 UTC,2015-04-24 19:27:49 UTC
373,14,9,18,2015-04-24 19:27:53 UTC,2015-04-24 19:27:53 UTC
374,0,47,62,2015-04-24 20:58:09 UTC,2015-04-24 20:58:09 UTC
375,1,47,424,2015-04-24 20:58:13 UTC,2015-04-24 20:58:13 UTC
376,2,47,426,2015-04-24 20:58:28 UTC,2015-04-24 20:58:28 UTC
377,3,47,60,2015-04-24 20:58:35 UTC,2015-04-24 20:58:35 UTC
378,4,47,58,2015-04-24 20:58:41 UTC,2015-04-24 20:58:41 UTC
379,5,47,55,2015-04-24 20:58:45 UTC,2015-04-24 20:58:45 UTC
380,15,9,570,2015-04-24 21:19:21 UTC,2015-04-24 21:19:21 UTC
381,16,9,39,2015-04-24 21:20:20 UTC,2015-04-24 21:20:20 UTC
382,17,9,576,2015-04-24 21:20:29 UTC,2015-04-24 21:20:29 UTC
383,18,9,82,2015-04-24 21:24:13 UTC,2015-04-24 21:24:13 UTC
384,19,9,86,2015-04-24 21:24:20 UTC,2015-04-24 21:24:20 UTC
385,20,9,578,2015-04-24 21:44:04 UTC,2015-04-24 21:44:04 UTC
386,21,9,90,2015-04-24 21:44:13 UTC,2015-04-24 21:44:13 UTC
387,22,9,579,2015-04-24 21:44:16 UTC,2015-04-24 21:44:16 UTC
678,27,43,93,2015-04-27 14:06:48 UTC,2015-04-27 14:06:48 UTC
679,28,43,580,2015-04-27 14:06:51 UTC,2015-04-27 14:06:51 UTC
680,29,43,91,2015-04-27 14:06:54 UTC,2015-04-27 14:06:54 UTC
697,46,43,211,2015-04-27 14:12:10 UTC,2015-04-27 14:12:10 UTC
698,47,43,213,2015-04-27 14:12:12 UTC,2015-04-27 14:12:12 UTC
699,48,43,459,2015-04-27 14:12:38 UTC,2015-04-27 14:12:38 UTC
821,15,63,594,2015-04-27 15:07:49 UTC,2015-04-27 15:07:49 UTC
822,16,63,611,2015-04-27 15:07:54 UTC,2015-04-27 15:07:54 UTC
827,17,63,612,2015-04-27 15:09:44 UTC,2015-04-27 15:09:44 UTC
828,18,63,613,2015-04-27 15:09:48 UTC,2015-04-27 15:09:48 UTC
829,19,63,614,2015-04-27 15:09:51 UTC,2015-04-27 15:09:51 UTC
830,20,63,615,2015-04-27 15:09:55 UTC,2015-04-27 15:09:55 UTC
831,21,63,602,2015-04-27 15:09:59 UTC,2015-04-27 15:09:59 UTC
832,22,63,171,2015-04-27 15:10:03 UTC,2015-04-27 15:10:03 UTC
833,23,63,592,2015-04-27 15:10:07 UTC,2015-04-27 15:10:07 UTC
834,24,63,590,2015-04-27 15:10:12 UTC,2015-04-27 15:10:12 UTC
835,25,63,168,2015-04-27 15:10:16 UTC,2015-04-27 15:10:16 UTC
836,26,63,167,2015-04-27 15:10:19 UTC,2015-04-27 15:10:19 UTC
837,27,63,166,2015-04-27 15:10:24 UTC,2015-04-27 15:10:24 UTC
838,28,63,589,2015-04-27 15:10:27 UTC,2015-04-27 15:10:27 UTC
839,29,63,94,2015-04-27 15:10:32 UTC,2015-04-27 15:10:32 UTC
840,30,63,162,2015-04-27 15:10:36 UTC,2015-04-27 15:10:36 UTC
841,31,63,161,2015-04-27 15:10:58 UTC,2015-04-27 15:10:58 UTC
842,32,63,159,2015-04-27 15:11:00 UTC,2015-04-27 15:11:00 UTC
843,33,63,157,2015-04-27 15:11:03 UTC,2015-04-27 15:11:03 UTC
844,34,63,156,2015-04-27 15:11:08 UTC,2015-04-27 15:11:08 UTC
845,35,63,45,2015-04-27 15:11:11 UTC,2015-04-27 15:11:11 UTC
846,36,63,46,2015-04-27 15:11:13 UTC,2015-04-27 15:11:13 UTC
890,25,64,168,2015-04-27 15:31:31 UTC,2015-04-27 15:31:31 UTC
891,26,64,167,2015-04-27 15:31:34 UTC,2015-04-27 15:31:34 UTC
892,27,64,166,2015-04-27 15:31:37 UTC,2015-04-27 15:31:37 UTC
893,28,64,589,2015-04-27 15:31:40 UTC,2015-04-27 15:31:40 UTC
894,29,64,94,2015-04-27 15:31:43 UTC,2015-04-27 15:31:43 UTC
895,30,64,162,2015-04-27 15:31:46 UTC,2015-04-27 15:31:46 UTC
896,31,64,161,2015-04-27 15:31:55 UTC,2015-04-27 15:31:55 UTC
897,32,64,159,2015-04-27 15:32:28 UTC,2015-04-27 15:32:28 UTC
898,33,64,157,2015-04-27 15:32:30 UTC,2015-04-27 15:32:30 UTC
899,34,64,156,2015-04-27 15:32:32 UTC,2015-04-27 15:32:32 UTC
900,35,64,45,2015-04-27 15:32:36 UTC,2015-04-27 15:32:36 UTC
901,36,64,46,2015-04-27 15:32:37 UTC,2015-04-27 15:32:37 UTC
902,37,64,47,2015-04-27 15:32:40 UTC,2015-04-27 15:32:40 UTC
903,38,64,48,2015-04-27 15:32:43 UTC,2015-04-27 15:32:43 UTC
904,39,64,50,2015-04-27 15:32:47 UTC,2015-04-27 15:32:47 UTC
905,40,64,52,2015-04-27 15:32:50 UTC,2015-04-27 15:32:50 UTC
906,41,64,54,2015-04-27 15:32:52 UTC,2015-04-27 15:32:52 UTC
907,42,64,56,2015-04-27 15:32:55 UTC,2015-04-27 15:32:55 UTC
908,43,64,57,2015-04-27 15:32:57 UTC,2015-04-27 15:32:57 UTC
909,44,64,59,2015-04-27 15:33:04 UTC,2015-04-27 15:33:04 UTC
919,8,59,519,2015-04-27 16:26:39 UTC,2015-04-27 16:26:39 UTC
920,9,59,518,2015-04-27 16:26:42 UTC,2015-04-27 16:26:42 UTC
921,10,59,596,2015-04-27 16:26:44 UTC,2015-04-27 16:26:44 UTC
922,11,59,599,2015-04-27 16:26:49 UTC,2015-04-27 16:26:49 UTC
911,0,59,535,2015-04-27 16:26:21 UTC,2015-04-27 16:26:21 UTC
912,1,59,533,2015-04-27 16:26:23 UTC,2015-04-27 16:26:23 UTC
913,2,59,531,2015-04-27 16:26:25 UTC,2015-04-27 16:26:25 UTC
914,3,59,529,2015-04-27 16:26:28 UTC,2015-04-27 16:26:28 UTC
915,4,59,527,2015-04-27 16:26:29 UTC,2015-04-27 16:26:29 UTC
916,5,59,525,2015-04-27 16:26:32 UTC,2015-04-27 16:26:32 UTC
917,6,59,523,2015-04-27 16:26:34 UTC,2015-04-27 16:26:34 UTC
918,7,59,521,2015-04-27 16:26:37 UTC,2015-04-27 16:26:37 UTC
923,12,59,603,2015-04-27 16:27:05 UTC,2015-04-27 16:27:05 UTC
924,13,59,604,2015-04-27 16:27:27 UTC,2015-04-27 16:27:27 UTC
925,14,59,298,2015-04-27 16:33:51 UTC,2015-04-27 16:33:51 UTC
926,15,59,175,2015-04-27 16:33:55 UTC,2015-04-27 16:33:55 UTC
927,16,59,174,2015-04-27 16:34:07 UTC,2015-04-27 16:34:07 UTC
928,0,65,216,2015-04-27 16:42:40 UTC,2015-04-27 16:42:40 UTC
929,1,65,217,2015-04-27 16:42:42 UTC,2015-04-27 16:42:42 UTC
930,2,65,215,2015-04-27 16:42:44 UTC,2015-04-27 16:42:44 UTC
931,3,65,32,2015-04-27 16:42:48 UTC,2015-04-27 16:42:48 UTC
932,4,65,405,2015-04-27 16:42:52 UTC,2015-04-27 16:42:52 UTC
933,5,65,18,2015-04-27 16:42:55 UTC,2015-04-27 16:42:55 UTC
934,6,65,218,2015-04-27 17:02:56 UTC,2015-04-27 17:02:56 UTC
935,7,65,618,2015-04-27 17:02:58 UTC,2015-04-27 17:02:58 UTC
936,8,65,220,2015-04-27 17:03:00 UTC,2015-04-27 17:03:00 UTC
937,9,65,619,2015-04-27 17:03:06 UTC,2015-04-27 17:03:06 UTC
938,10,65,221,2015-04-27 17:03:12 UTC,2015-04-27 17:03:12 UTC
939,11,65,620,2015-04-27 17:03:13 UTC,2015-04-27 17:03:13 UTC
940,12,65,223,2015-04-27 17:03:16 UTC,2015-04-27 17:03:16 UTC
941,13,65,621,2015-04-27 17:03:19 UTC,2015-04-27 17:03:19 UTC
942,14,65,225,2015-04-27 17:03:23 UTC,2015-04-27 17:03:23 UTC
943,15,65,229,2015-04-27 17:03:27 UTC,2015-04-27 17:03:27 UTC
944,16,65,230,2015-04-27 17:03:29 UTC,2015-04-27 17:03:29 UTC
945,17,65,231,2015-04-27 17:03:31 UTC,2015-04-27 17:03:31 UTC
946,18,65,233,2015-04-27 17:03:34 UTC,2015-04-27 17:03:34 UTC
947,19,65,234,2015-04-27 17:03:37 UTC,2015-04-27 17:03:37 UTC
948,20,65,238,2015-04-27 17:03:39 UTC,2015-04-27 17:03:39 UTC
949,21,65,622,2015-04-27 17:03:42 UTC,2015-04-27 17:03:42 UTC
950,22,65,240,2015-04-27 17:03:45 UTC,2015-04-27 17:03:45 UTC
951,23,65,624,2015-04-27 17:03:48 UTC,2015-04-27 17:03:48 UTC
952,24,65,242,2015-04-27 17:03:51 UTC,2015-04-27 17:03:51 UTC
953,25,65,244,2015-04-27 17:03:53 UTC,2015-04-27 17:03:53 UTC
954,26,65,245,2015-04-27 17:03:57 UTC,2015-04-27 17:03:57 UTC
955,27,65,623,2015-04-27 17:03:59 UTC,2015-04-27 17:03:59 UTC
956,28,65,246,2015-04-27 17:04:01 UTC,2015-04-27 17:04:01 UTC
957,29,65,247,2015-04-27 17:04:04 UTC,2015-04-27 17:04:04 UTC
958,30,65,625,2015-04-27 17:05:20 UTC,2015-04-27 17:05:20 UTC
959,31,65,174,2015-04-27 17:05:22 UTC,2015-04-27 17:05:22 UTC
960,32,65,176,2015-04-27 17:05:25 UTC,2015-04-27 17:05:25 UTC
961,33,65,606,2015-04-27 17:05:27 UTC,2015-04-27 17:05:27 UTC
962,34,65,605,2015-04-27 17:05:31 UTC,2015-04-27 17:05:31 UTC
963,35,65,280,2015-04-27 17:05:38 UTC,2015-04-27 17:05:38 UTC
964,36,65,277,2015-04-27 17:05:42 UTC,2015-04-27 17:05:42 UTC
965,37,65,276,2015-04-27 17:05:45 UTC,2015-04-27 17:05:45 UTC
966,38,65,275,2015-04-27 17:05:51 UTC,2015-04-27 17:05:51 UTC
967,39,65,281,2015-04-27 17:05:54 UTC,2015-04-27 17:05:54 UTC
968,40,65,268,2015-04-27 17:05:58 UTC,2015-04-27 17:05:58 UTC
969,41,65,282,2015-04-27 17:06:07 UTC,2015-04-27 17:06:07 UTC
970,42,65,284,2015-04-27 17:06:09 UTC,2015-04-27 17:06:09 UTC
971,43,65,283,2015-04-27 17:06:11 UTC,2015-04-27 17:06:11 UTC
972,44,65,272,2015-04-27 17:06:16 UTC,2015-04-27 17:06:16 UTC
973,45,65,273,2015-04-27 17:06:18 UTC,2015-04-27 17:06:18 UTC
974,46,65,274,2015-04-27 17:06:22 UTC,2015-04-27 17:06:22 UTC
975,47,65,610,2015-04-27 17:06:24 UTC,2015-04-27 17:06:24 UTC
976,48,65,278,2015-04-27 17:06:26 UTC,2015-04-27 17:06:26 UTC
977,49,65,279,2015-04-27 17:06:29 UTC,2015-04-27 17:06:29 UTC
1018,40,66,520,2015-04-27 17:19:05 UTC,2015-04-27 17:19:05 UTC
1019,41,66,524,2015-04-27 17:19:10 UTC,2015-04-27 17:19:10 UTC
1020,42,66,526,2015-04-27 17:19:18 UTC,2015-04-27 17:19:18 UTC
1021,43,66,528,2015-04-27 17:19:22 UTC,2015-04-27 17:19:22 UTC
1022,44,66,530,2015-04-27 17:19:24 UTC,2015-04-27 17:19:24 UTC
1023,45,66,532,2015-04-27 17:19:28 UTC,2015-04-27 17:19:28 UTC
1024,46,66,534,2015-04-27 17:19:34 UTC,2015-04-27 17:19:34 UTC
1025,17,59,248,2015-04-27 17:26:51 UTC,2015-04-27 17:26:51 UTC
1026,18,59,626,2015-04-27 17:35:29 UTC,2015-04-27 17:35:29 UTC
1027,19,59,627,2015-04-27 17:35:35 UTC,2015-04-27 17:35:35 UTC
1028,20,59,628,2015-04-27 17:35:38 UTC,2015-04-27 17:35:38 UTC
1029,21,59,629,2015-04-27 17:35:41 UTC,2015-04-27 17:35:41 UTC
1030,22,59,630,2015-04-27 17:35:44 UTC,2015-04-27 17:35:44 UTC
1031,23,59,243,2015-04-27 17:35:49 UTC,2015-04-27 17:35:49 UTC
1032,24,59,631,2015-04-27 17:35:54 UTC,2015-04-27 17:35:54 UTC
1033,25,59,241,2015-04-27 17:35:57 UTC,2015-04-27 17:35:57 UTC
1036,0,68,459,2015-04-27 18:03:46 UTC,2015-04-27 18:03:46 UTC
1037,1,68,653,2015-04-27 18:05:06 UTC,2015-04-27 18:05:06 UTC
1038,2,68,654,2015-04-27 18:05:28 UTC,2015-04-27 18:05:28 UTC
1039,3,68,655,2015-04-27 18:06:07 UTC,2015-04-27 18:06:07 UTC
1040,4,68,656,2015-04-27 18:06:10 UTC,2015-04-27 18:06:10 UTC
1041,5,68,25,2015-04-27 18:06:18 UTC,2015-04-27 18:06:18 UTC
1042,6,68,11,2015-04-27 18:06:24 UTC,2015-04-27 18:06:24 UTC
1043,7,68,12,2015-04-27 18:06:27 UTC,2015-04-27 18:06:27 UTC
1044,8,68,13,2015-04-27 18:06:30 UTC,2015-04-27 18:06:30 UTC
1045,9,68,216,2015-04-27 18:06:37 UTC,2015-04-27 18:06:37 UTC
1046,10,68,217,2015-04-27 18:06:41 UTC,2015-04-27 18:06:41 UTC
1047,11,68,215,2015-04-27 18:06:44 UTC,2015-04-27 18:06:44 UTC
1048,12,68,657,2015-04-27 18:14:34 UTC,2015-04-27 18:14:34 UTC
1049,13,68,658,2015-04-27 18:14:36 UTC,2015-04-27 18:14:36 UTC
1050,14,68,659,2015-04-27 18:14:38 UTC,2015-04-27 18:14:38 UTC
1051,15,68,660,2015-04-27 18:14:42 UTC,2015-04-27 18:14:42 UTC
1052,16,68,666,2015-04-27 18:14:44 UTC,2015-04-27 18:14:44 UTC
1053,17,68,667,2015-04-27 18:14:50 UTC,2015-04-27 18:14:50 UTC
1054,18,68,637,2015-04-27 18:14:57 UTC,2015-04-27 18:14:57 UTC
1055,19,68,636,2015-04-27 18:14:59 UTC,2015-04-27 18:14:59 UTC
1056,20,68,638,2015-04-27 18:15:02 UTC,2015-04-27 18:15:02 UTC
1057,21,68,650,2015-04-27 18:15:20 UTC,2015-04-27 18:15:20 UTC
1058,22,68,649,2015-04-27 18:15:22 UTC,2015-04-27 18:15:22 UTC
1059,23,68,646,2015-04-27 18:15:25 UTC,2015-04-27 18:15:25 UTC
978,0,66,216,2015-04-27 17:13:14 UTC,2015-04-27 17:13:14 UTC
979,1,66,217,2015-04-27 17:13:16 UTC,2015-04-27 17:13:16 UTC
980,2,66,215,2015-04-27 17:13:18 UTC,2015-04-27 17:13:18 UTC
981,3,66,32,2015-04-27 17:13:22 UTC,2015-04-27 17:13:22 UTC
982,4,66,405,2015-04-27 17:13:24 UTC,2015-04-27 17:13:24 UTC
983,5,66,18,2015-04-27 17:13:27 UTC,2015-04-27 17:13:27 UTC
984,6,66,218,2015-04-27 17:13:31 UTC,2015-04-27 17:13:31 UTC
985,7,66,618,2015-04-27 17:13:33 UTC,2015-04-27 17:13:33 UTC
986,8,66,220,2015-04-27 17:13:36 UTC,2015-04-27 17:13:36 UTC
987,9,66,619,2015-04-27 17:13:38 UTC,2015-04-27 17:13:38 UTC
988,10,66,221,2015-04-27 17:13:41 UTC,2015-04-27 17:13:41 UTC
989,11,66,620,2015-04-27 17:13:42 UTC,2015-04-27 17:13:42 UTC
990,12,66,223,2015-04-27 17:13:45 UTC,2015-04-27 17:13:45 UTC
991,13,66,621,2015-04-27 17:13:47 UTC,2015-04-27 17:13:47 UTC
992,14,66,225,2015-04-27 17:13:49 UTC,2015-04-27 17:13:49 UTC
993,15,66,229,2015-04-27 17:17:38 UTC,2015-04-27 17:17:38 UTC
994,16,66,230,2015-04-27 17:17:39 UTC,2015-04-27 17:17:39 UTC
995,17,66,231,2015-04-27 17:17:43 UTC,2015-04-27 17:17:43 UTC
996,18,66,233,2015-04-27 17:17:45 UTC,2015-04-27 17:17:45 UTC
997,19,66,234,2015-04-27 17:17:51 UTC,2015-04-27 17:17:51 UTC
998,20,66,238,2015-04-27 17:17:54 UTC,2015-04-27 17:17:54 UTC
999,21,66,622,2015-04-27 17:17:56 UTC,2015-04-27 17:17:56 UTC
1000,22,66,240,2015-04-27 17:17:59 UTC,2015-04-27 17:17:59 UTC
1001,23,66,624,2015-04-27 17:18:01 UTC,2015-04-27 17:18:01 UTC
1002,24,66,242,2015-04-27 17:18:04 UTC,2015-04-27 17:18:04 UTC
1003,25,66,244,2015-04-27 17:18:07 UTC,2015-04-27 17:18:07 UTC
1004,26,66,245,2015-04-27 17:18:10 UTC,2015-04-27 17:18:10 UTC
1005,27,66,623,2015-04-27 17:18:12 UTC,2015-04-27 17:18:12 UTC
1006,28,66,246,2015-04-27 17:18:14 UTC,2015-04-27 17:18:14 UTC
1007,29,66,247,2015-04-27 17:18:18 UTC,2015-04-27 17:18:18 UTC
1008,30,66,625,2015-04-27 17:18:22 UTC,2015-04-27 17:18:22 UTC
1009,31,66,174,2015-04-27 17:18:28 UTC,2015-04-27 17:18:28 UTC
1010,32,66,176,2015-04-27 17:18:30 UTC,2015-04-27 17:18:30 UTC
1011,33,66,606,2015-04-27 17:18:35 UTC,2015-04-27 17:18:35 UTC
1012,34,66,605,2015-04-27 17:18:38 UTC,2015-04-27 17:18:38 UTC
1013,35,66,598,2015-04-27 17:18:42 UTC,2015-04-27 17:18:42 UTC
1014,36,66,597,2015-04-27 17:18:46 UTC,2015-04-27 17:18:46 UTC
1015,37,66,595,2015-04-27 17:18:49 UTC,2015-04-27 17:18:49 UTC
1016,38,66,517,2015-04-27 17:18:53 UTC,2015-04-27 17:18:53 UTC
1017,39,66,285,2015-04-27 17:18:59 UTC,2015-04-27 17:18:59 UTC
1060,24,68,645,2015-04-27 18:15:29 UTC,2015-04-27 18:15:29 UTC
1061,25,68,641,2015-04-27 18:15:32 UTC,2015-04-27 18:15:32 UTC
1062,26,68,639,2015-04-27 18:15:34 UTC,2015-04-27 18:15:34 UTC
1063,27,68,632,2015-04-27 18:15:37 UTC,2015-04-27 18:15:37 UTC
1064,28,68,230,2015-04-27 18:15:40 UTC,2015-04-27 18:15:40 UTC
1065,0,67,668,2015-04-27 18:16:19 UTC,2015-04-27 18:16:19 UTC
1066,1,67,633,2015-04-27 18:16:24 UTC,2015-04-27 18:16:24 UTC
1067,2,67,640,2015-04-27 18:16:28 UTC,2015-04-27 18:16:28 UTC
1068,3,67,642,2015-04-27 18:16:31 UTC,2015-04-27 18:16:31 UTC
1069,4,67,643,2015-04-27 18:16:38 UTC,2015-04-27 18:16:38 UTC
1070,5,67,644,2015-04-27 18:16:41 UTC,2015-04-27 18:16:41 UTC
1071,6,67,647,2015-04-27 18:16:47 UTC,2015-04-27 18:16:47 UTC
1072,7,67,648,2015-04-27 18:16:50 UTC,2015-04-27 18:16:50 UTC
1073,8,67,651,2015-04-27 18:16:54 UTC,2015-04-27 18:16:54 UTC
1074,9,67,652,2015-04-27 18:17:19 UTC,2015-04-27 18:17:19 UTC
1075,10,67,665,2015-04-27 18:17:22 UTC,2015-04-27 18:17:22 UTC
1076,11,67,36,2015-04-27 18:17:27 UTC,2015-04-27 18:17:27 UTC
1077,12,67,669,2015-04-27 18:17:49 UTC,2015-04-27 18:17:49 UTC
1078,13,67,664,2015-04-27 18:17:53 UTC,2015-04-27 18:17:53 UTC
1079,14,67,663,2015-04-27 18:17:57 UTC,2015-04-27 18:17:57 UTC
1080,15,67,662,2015-04-27 18:18:01 UTC,2015-04-27 18:18:01 UTC
1081,16,67,661,2015-04-27 18:18:05 UTC,2015-04-27 18:18:05 UTC
1082,17,67,17,2015-04-27 18:18:08 UTC,2015-04-27 18:18:08 UTC
1084,18,67,16,2015-04-27 18:19:03 UTC,2015-04-27 18:19:03 UTC
1085,19,67,15,2015-04-27 18:19:06 UTC,2015-04-27 18:19:06 UTC
1086,20,67,425,2015-04-27 18:19:13 UTC,2015-04-27 18:19:13 UTC
1087,21,67,582,2015-04-27 18:19:16 UTC,2015-04-27 18:19:16 UTC
1088,22,67,583,2015-04-27 18:19:21 UTC,2015-04-27 18:19:21 UTC
1089,23,67,471,2015-04-27 18:19:25 UTC,2015-04-27 18:19:25 UTC
